crew_id,crew_name,crew_role,base_airport,hire_date,active_flag
CR000001,Crew_1,FA1,DFW,21-02-2019,
CR000002,Crew_2,F/A,DFW,29-01-1995,N
CR000003,Crew_3,FA,CTH,04-06-2020,FALSE
CR000004,Crew_4,fa,SAN,14-10-2017,
CR000005,Crew_5,captain,FLL,16-12-2006,N
CR000006,Crew_6,CAPT,SJC,29-06-2010,TRUE
CR000007,Crew_7,firstofficer,QTU,02-05-1995,0
CR000008,Crew_8,FA1,JQH,09-02-1996,
CR000009,Crew_9,Flight Attendant,IRG,01-07-2017,TRUE
CR000010,Crew_10,purser,GVJ,08-11-2025,N
CR000011,Crew_11,Flight Attendant,LTP,16-04-2024,N
CR000012,Crew_12,fa,CRN,08-09-1995,0
CR000013,Crew_13,PSR,CLT,01/14/2013,1
CR000014,Crew_14,FA,HNL,13-07-2010,0
CR000015,Crew_15,PURSER,ETT,07-11-2014,Y
CR000016,Crew_16,FirstOfficer,SEA,03-01-2025,Y
CR000017,Crew_17,Flight Attendant,SFO,08-06-2001,0
CR000018,Crew_18,F/O,LTA,07/22/2021,1
CR000019,Crew_19,Captain,RNI,05-11-2001,FALSE
CR000020,Crew_20,purser,WJU,25-06-2011,FALSE
CR000021,Crew_21,purser,CTH,07-10-2019,FALSE
CR000022,Crew_22,Purser,PHL,25-12-2008,N
CR000023,Crew_23,captain,SUG,23-06-1995,TRUE
CR000024,Crew_24,purser,YVZ,29-10-2005,
CR000025,Crew_25,purser,CDZ,17-06-2012,TRUE
CR000026,Crew_26,First Officer,FNZ,19-12-2007,1
CR000027,Crew_27,purser,SUG,27-03-2022,
CR000028,Crew_28,PURSER,FLL,16-03-2006,Y
CR000029,Crew_29,CAPT,HBR,30-11-2015,1
CR000030,Crew_30,firstofficer,,07/20/2016,TRUE
CR000031,Crew_31,CPT,IND,09-02-2014,
CR000032,Crew_32,fa,RNY,14-12-2016,Y
CR000033,Crew_33,Purser,RDL,11-04-2023,1
CR000034,Crew_34,CAPT,AUS,01-01-2001,
CR000035,Crew_35,Captain,EXH,14-02-2003,FALSE
CR000036,Crew_36,captain,FIJ,04-10-1995,N
CR000037,Crew_37,CAPT,FLL,17-02-2016,N
CR000038,Crew_38,Purser,ATL,04-12-1999,FALSE
CR000039,Crew_39,F/O,UUS,06-10-2019,N
CR000040,Crew_40,Purser,ETT,10/23/2007,TRUE
CR000041,Crew_41,PURSER,DCA,26-02-1998,TRUE
CR000042,Crew_42,Purser,QLE,10-11-1996,TRUE
CR000043,Crew_43,F/O,LTS,01-12-1997,0
CR000044,Crew_44,FA,ULZ,21-07-2002,N
CR000045,Crew_45,CAPT,FEA,31-03-2000,0
CR000046,Crew_46,FA1,NFY,09-02-2003,Y
CR000047,Crew_47,Flight Attendant,FIY,05-06-2019,N
CR000048,Crew_48,fa,FEA,10-04-2006,N
CR000049,Crew_49,F/A,RNI,13-07-1996,FALSE
CR000050,Crew_50,purser,AUS,04-04-1996,
CR000051,Crew_51,CPT,OQR,17-11-2002,TRUE
CR000052,Crew_52,FA,OHX,21-08-2001,1
CR000053,Crew_53,purser,OAK,27-07-1996,1
CR000054,Crew_54,F/A,SLC,05-06-2023,1
CR000055,Crew_55,FO,MDP,28-10-1995,
CR000056,Crew_56,CAPT,CLE,27-04-2021,Y
CR000057,Crew_57,fa,SAN,08-12-2018,1
CR000058,Crew_58,PURSER,PIT,21-03-2014,0
CR000059,Crew_59,F/A,HVH,15-04-2021,Y
CR000060,Crew_60,firstofficer,DMZ,11-11-2018,N
CR000061,Crew_61,CPT,XDR,23-09-2024,0
CR000062,Crew_62,Captain,ORD,25-07-2008,1
CR000063,Crew_63,PSR,JUC,08/30/1995,0
CR000064,Crew_64,CPT,SAT,30-08-2012,N
CR000065,Crew_65,firstofficer,RDU,04-10-1995,1
CR000066,Crew_66,FA,HNL,29-09-2019,
CR000067,Crew_67,FirstOfficer,,05-10-1997,FALSE
CR000068,Crew_68,purser,CDZ,06-10-1997,
CR000069,Crew_69,PURSER,XZH,20-06-2008,Y
CR000070,Crew_70,First Officer,MDP,20-05-2004,N
CR000071,Crew_71,firstofficer,TPA,06-02-2003,N
CR000072,Crew_72,Captain,BOS,22-07-2009,TRUE
CR000073,Crew_73,First Officer,WTL,19-10-2011,N
CR000074,Crew_74,PURSER,DPO,26-10-2004,
CR000075,Crew_75,CAPT,,17-05-2024,0
CR000076,Crew_76,PURSER,SEA,28-11-2002,N
CR000077,Crew_77,FA,LGA,09-05-2025,Y
CR000078,Crew_78,FO,PHX,12-01-2017,1
CR000079,Crew_79,FirstOfficer,SUG,14-02-1997,0
CR000080,Crew_80,captain,QTU,04-02-2003,1
CR000081,Crew_81,CAPT,IND,03-10-2014,TRUE
CR000082,Crew_82,Captain,CLT,05-02-2018,0
CR000083,Crew_83,PURSER,JUC,11-07-2023,
CR000084,Crew_84,fa,ENG,22-12-2023,N
CR000085,Crew_85,PURSER,GBC,28-12-2020,N
CR000086,Crew_86,CAPT,PDX,03-08-2009,N
CR000087,Crew_87,CAPT,IRG,02-04-1999,1
CR000088,Crew_88,PSR,MSP,28-12-2009,0
CR000089,Crew_89,FirstOfficer,KGP,28-10-1998,Y
CR000090,Crew_90,FA1,TPA,24-08-1998,
CR000091,Crew_91,F/O,CIP,05-12-1995,TRUE
CR000092,Crew_92,F/A,FLL,04/17/2008,0
CR000093,Crew_93,FO,ENG,28-10-2021,Y
CR000094,Crew_94,firstofficer,TZZ,21-10-2021,Y
CR000095,Crew_95,CPT,RDS,03-02-1999,
CR000096,Crew_96,PURSER,YZE,17-02-2007,Y
CR000097,Crew_97,FA,FIJ,10-08-2023,0
CR000098,Crew_98,CAPT,JFK,09-07-2018,N
CR000099,Crew_99,PURSER,LAS,31-01-2010,N
CR000100,Crew_100,firstofficer,IRG,20-01-1995,FALSE
CR000101,Crew_101,fa,TDP,02-10-2003,Y
CR000102,Crew_102,Captain,SJC,30-06-2005,N
CR000103,Crew_103,Flight Attendant,CRN,10-07-2016,N
CR000104,Crew_104,FirstOfficer,CSB,05-06-2006,Y
CR000105,Crew_105,CPT,DMZ,12/19/2000,1
CR000106,Crew_106,PSR,UUS,16-03-1999,Y
CR000107,Crew_107,captain,JFK,20-09-2012,FALSE
CR000108,Crew_108,CAPT,KGP,01/31/2018,Y
CR000109,Crew_109,PSR,EUI,13-04-2003,
CR000110,Crew_110,FA1,FNZ,28-03-2001,0
CR000111,Crew_111,CAPT,SUG,12-11-2025,TRUE
CR000112,Crew_112,firstofficer,XOJ,12/13/2014,1
CR000113,Crew_113,FA,MCO,11/18/1996,Y
CR000114,Crew_114,Flight Attendant,SAT,18-11-2010,FALSE
CR000115,Crew_115,Captain,FLY,27-02-1995,FALSE
CR000116,Crew_116,FA,SAN,06/24/2017,Y
CR000117,Crew_117,F/O,CIA,02/20/1995,
CR000118,Crew_118,CAPT,FEA,18-08-1999,TRUE
CR000119,Crew_119,F/A,CTH,20-01-2007,N
CR000120,Crew_120,purser,ENR,11-11-2002,TRUE
CR000121,Crew_121,F/O,CIP,07/14/2025,TRUE
CR000122,Crew_122,FA,SLC,05-10-2014,Y
CR000123,Crew_123,CPT,XLA,05-03-2017,0
CR000124,Crew_124,captain,CMH,08-10-2021,TRUE
CR000125,Crew_125,Captain,UVL,01-02-2022,FALSE
CR000126,Crew_126,FirstOfficer,QLE,15-03-2017,0
CR000127,Crew_127,purser,MVL,05-04-2003,
CR000128,Crew_128,Captain,SUG,02/18/2014,1
CR000129,Crew_129,Captain,MKN,29-09-2011,Y
CR000130,Crew_130,PURSER,FNZ,12/20/2015,
CR000131,Crew_131,PSR,OQR,15-07-2018,1
CR000132,Crew_132,CPT,EXH,19-03-2005,FALSE
CR000133,Crew_133,F/O,XMO,24-03-2003,Y
CR000134,Crew_134,First Officer,DMZ,19-02-2009,Y
CR000135,Crew_135,Flight Attendant,MCO,12-07-2013,0
CR000136,Crew_136,PSR,LGA,10-11-2010,Y
CR000137,Crew_137,F/O,HCS,06-06-2021,1
CR000138,Crew_138,Captain,MSP,07-07-2019,Y
CR000139,Crew_139,First Officer,OHX,05/16/2025,N
CR000140,Crew_140,firstofficer,YCO,07/31/2006,1
CR000141,Crew_141,FA1,SEA,09-05-2019,TRUE
CR000142,Crew_142,CPT,NFY,09-08-2021,FALSE
CR000143,Crew_143,PURSER,AAZ,15-04-2011,TRUE
CR000144,Crew_144,FirstOfficer,PHL,01/29/2016,Y
CR000145,Crew_145,CPT,FEA,28-08-2004,1
CR000146,Crew_146,FA,JQH,09/18/2004,
CR000147,Crew_147,fa,WFQ,07-12-2010,1
CR000148,Crew_148,FO,YCO,21-10-2005,Y
CR000149,Crew_149,FirstOfficer,VSQ,05-12-2022,FALSE
CR000150,Crew_150,First Officer,TDP,27-03-1998,
CR000151,Crew_151,Captain,EWR,12/22/1996,
CR000152,Crew_152,captain,CMH,31-10-1996,
CR000153,Crew_153,FO,JUC,01-11-1999,
CR000154,Crew_154,CAPT,CGO,06-10-2009,0
CR000155,Crew_155,F/O,IRG,25-04-2003,N
CR000156,Crew_156,captain,VMH,25-04-2001,TRUE
CR000157,Crew_157,Purser,BOS,05/14/2002,0
CR000158,Crew_158,FA1,UVL,07/23/2003,Y
CR000159,Crew_159,Captain,FVH,09/27/1997,N
CR000160,Crew_160,FO,TZZ,16-03-2012,N
CR000161,Crew_161,FirstOfficer,PCF,29-06-2008,FALSE
CR000162,Crew_162,CAPT,CTH,26-01-1999,N
CR000163,Crew_163,CPT,IBY,25-07-1995,Y
CR000164,Crew_164,Captain,HBR,08-07-2008,TRUE
CR000165,Crew_165,FirstOfficer,DEN,25-07-1998,N
CR000166,Crew_166,F/O,QQA,26-01-2006,TRUE
CR000167,Crew_167,Flight Attendant,CIA,03-02-2013,
CR000168,Crew_168,PURSER,CIP,11-03-2000,
CR000169,Crew_169,CPT,QQA,12-03-2009,FALSE
CR000170,Crew_170,purser,LTP,27-07-2004,Y
CR000171,Crew_171,Captain,WFQ,24-11-2012,Y
CR000172,Crew_172,FO,OHX,11-02-2019,Y
CR000173,Crew_173,FO,,27-09-2004,N
CR000174,Crew_174,FA,QQA,27-11-2021,1
CR000175,Crew_175,FO,IRG,07/22/2008,TRUE
CR000176,Crew_176,F/O,IAD,15-11-2010,1
CR000177,Crew_177,Captain,RNY,11-10-2012,N
CR000178,Crew_178,Purser,EWR,29-03-1999,
CR000179,Crew_179,PSR,HNL,09-07-2018,Y
CR000180,Crew_180,Captain,CIP,29-01-1995,Y
CR000181,Crew_181,First Officer,NEB,12/23/2013,
CR000182,Crew_182,fa,PHL,29-09-2005,1
CR000183,Crew_183,CPT,REA,08/13/2024,N
CR000184,Crew_184,firstofficer,MOK,17-06-2008,TRUE
CR000185,Crew_185,PURSER,CMH,29-07-1995,TRUE
CR000186,Crew_186,F/A,PDX,08-10-2011,
CR000187,Crew_187,captain,SUG,06-01-2007,Y
CR000188,Crew_188,firstofficer,CIP,26-09-1997,N
CR000189,Crew_189,PSR,GBC,10-04-2006,TRUE
CR000190,Crew_190,Captain,LTP,04/15/2016,N
CR000191,Crew_191,FA,CIB,09-09-1996,TRUE
CR000192,Crew_192,FO,PDX,12/21/2022,0
CR000193,Crew_193,PURSER,,16-08-2017,
CR000194,Crew_194,Purser,FEA,29-07-2025,TRUE
CR000195,Crew_195,purser,HVH,23-09-2004,TRUE
CR000196,Crew_196,fa,QTU,25-05-2015,Y
CR000197,Crew_197,Purser,AUS,03/15/2000,Y
CR000198,Crew_198,F/O,FVH,06-01-1996,Y
CR000199,Crew_199,PSR,KGP,16-12-2010,N
CR000200,Crew_200,CPT,EDX,03-07-2000,N
CR000201,Crew_201,Purser,FIY,01-08-2017,FALSE
CR000202,Crew_202,captain,YZE,29-11-1998,Y
CR000203,Crew_203,purser,OAK,18-08-2021,Y
CR000204,Crew_204,fa,HBR,11-11-2000,FALSE
CR000205,Crew_205,F/O,OLJ,05-09-2011,Y
CR000206,Crew_206,First Officer,WTL,06-09-2015,1
CR000207,Crew_207,fa,RDS,02/14/2009,1
CR000208,Crew_208,Purser,AAZ,06/14/2016,FALSE
CR000209,Crew_209,F/A,CIP,06-10-2025,
CR000210,Crew_210,CPT,XLA,02-11-1997,0
CR000211,Crew_211,firstofficer,SEA,18-09-1997,TRUE
CR000212,Crew_212,PURSER,XDR,28-01-1996,0
CR000213,Crew_213,CAPT,EUI,17-02-1998,1
CR000214,Crew_214,captain,RNI,19-07-2021,0
CR000215,Crew_215,firstofficer,JUC,27-11-2021,Y
CR000216,Crew_216,F/A,VMH,06/18/2002,TRUE
CR000217,Crew_217,F/O,CSB,17-04-2002,N
CR000218,Crew_218,FO,CGO,09-07-2011,Y
CR000219,Crew_219,FA1,,31-03-2010,TRUE
CR000220,Crew_220,PSR,RDL,24-06-2014,0
CR000221,Crew_221,PSR,XOJ,26-03-2000,
CR000222,Crew_222,FO,WTL,05-07-2017,Y
CR000223,Crew_223,Purser,LTS,09-10-2006,1
CR000224,Crew_224,CAPT,RDS,01-10-2006,FALSE
CR000225,Crew_225,CAPT,NBV,13-06-1995,0
CR000226,Crew_226,PSR,PIT,05-11-2009,0
CR000227,Crew_227,Flight Attendant,NFY,01-11-2010,TRUE
CR000228,Crew_228,PURSER,CIB,31-07-2005,0
CR000229,Crew_229,fa,LTA,09-12-2005,TRUE
CR000230,Crew_230,CPT,PHL,21-06-2010,FALSE
CR000231,Crew_231,PSR,CLE,02-06-1998,0
CR000232,Crew_232,F/A,QLE,05-07-2025,N
CR000233,Crew_233,fa,IBY,12-07-2016,Y
CR000234,Crew_234,captain,BOS,08/16/2014,TRUE
CR000235,Crew_235,PSR,YCO,11/14/2019,
CR000236,Crew_236,Captain,LGA,06-11-1997,1
CR000237,Crew_237,captain,CSB,13-04-2022,TRUE
CR000238,Crew_238,PSR,,19-01-2024,0
CR000239,Crew_239,FirstOfficer,SAN,03-04-1999,Y
CR000240,Crew_240,Purser,DPO,19-01-1998,FALSE
CR000241,Crew_241,fa,NEB,29-03-2000,N
CR000242,Crew_242,First Officer,DMZ,03-05-1998,Y
CR000243,Crew_243,FA,WHD,21-03-2016,
CR000244,Crew_244,FirstOfficer,NBV,16-10-2024,TRUE
CR000245,Crew_245,captain,FNZ,17-11-2019,1
CR000246,Crew_246,FirstOfficer,UUS,04/14/2015,1
CR000247,Crew_247,FA,NFY,13-12-1999,TRUE
CR000248,Crew_248,FA1,ORD,11/13/2023,TRUE
CR000249,Crew_249,captain,CLT,24-10-2023,0
CR000250,Crew_250,Purser,WFQ,11-06-2018,
CR000251,Crew_251,purser,WHD,14-09-2003,
CR000252,Crew_252,F/A,KEM,06-02-2012,0
CR000253,Crew_253,FA,WJU,23-07-2003,FALSE
CR000254,Crew_254,Purser,YVZ,22-12-2003,Y
CR000255,Crew_255,FA,AMK,06-05-2007,1
CR000256,Crew_256,FirstOfficer,CIB,31-01-1995,Y
CR000257,Crew_257,CAPT,LTA,22-02-2000,1
CR000258,Crew_258,FA1,CDZ,17-10-1997,N
CR000259,Crew_259,F/O,SFO,16-08-2005,TRUE
CR000260,Crew_260,CPT,BDA,22-10-2024,Y
CR000261,Crew_261,PSR,ATL,25-10-2014,TRUE
CR000262,Crew_262,F/O,JUC,06-04-2023,
CR000263,Crew_263,fa,,09-09-1999,N
CR000264,Crew_264,FirstOfficer,LGA,10-01-2005,0
CR000265,Crew_265,fa,IRG,05-12-2000,
CR000266,Crew_266,Purser,PHL,10/24/2021,
CR000267,Crew_267,F/A,QTU,15-12-2014,0
CR000268,Crew_268,PSR,CLE,27-06-2016,N
CR000269,Crew_269,purser,YCO,14-04-2025,1
CR000270,Crew_270,Flight Attendant,JUC,12-09-2011,1
CR000271,Crew_271,FirstOfficer,HVH,03-05-2014,1
CR000272,Crew_272,purser,LAS,11-09-2013,N
CR000273,Crew_273,F/O,FIJ,15-04-2010,
CR000274,Crew_274,CAPT,ULZ,14-01-2009,1
CR000275,Crew_275,FA1,QRP,31-05-2006,FALSE
CR000276,Crew_276,purser,OHX,19-06-2013,1
CR000277,Crew_277,CPT,AMK,13-12-1997,N
CR000278,Crew_278,PSR,ETT,29-03-2004,1
CR000279,Crew_279,PSR,JQH,29-07-2015,Y
CR000280,Crew_280,CPT,TZZ,27-10-2014,TRUE
CR000281,Crew_281,Purser,PHL,01-10-2022,FALSE
CR000282,Crew_282,CPT,AUS,23-04-2010,TRUE
CR000283,Crew_283,FA1,XLA,30-05-2003,Y
CR000284,Crew_284,F/A,MCO,02-03-2013,Y
CR000285,Crew_285,First Officer,HBR,20-04-2021,
CR000286,Crew_286,captain,EDX,07-08-2022,FALSE
CR000287,Crew_287,CPT,MCO,26-02-1999,1
CR000288,Crew_288,FO,FIJ,30-05-2012,1
CR000289,Crew_289,captain,ULZ,27-04-1997,TRUE
CR000290,Crew_290,PSR,SLC,05-07-2004,0
CR000291,Crew_291,purser,MKN,17-02-2006,1
CR000292,Crew_292,PSR,YVZ,27-07-1996,FALSE
CR000293,Crew_293,FA,DCA,12/19/2014,1
CR000294,Crew_294,FirstOfficer,BOS,05-06-2018,N
CR000295,Crew_295,PSR,RDS,15-12-2025,0
CR000296,Crew_296,FO,SEA,08/13/1995,1
CR000297,Crew_297,Flight Attendant,EDX,23-01-1995,N
CR000298,Crew_298,Purser,KEM,07-12-2001,
CR000299,Crew_299,CAPT,TPA,13-11-2002,Y
CR000300,Crew_300,purser,IRG,09-03-2024,FALSE
CR000301,Crew_301,FirstOfficer,QTU,22-05-1996,0
CR000302,Crew_302,FA,LCH,06/27/2001,TRUE
CR000303,Crew_303,FO,DMZ,15-01-2021,
CR000304,Crew_304,FirstOfficer,QLE,05-05-2021,Y
CR000305,Crew_305,CPT,,28-02-1997,Y
CR000306,Crew_306,captain,LAS,07-01-2018,N
CR000307,Crew_307,FA,LGA,29-12-2011,TRUE
CR000308,Crew_308,PSR,LTA,07-09-1999,1
CR000309,Crew_309,CPT,ENG,06/15/2022,
CR000310,Crew_310,FO,YCO,12-07-2006,Y
CR000311,Crew_311,Flight Attendant,LTA,16-07-2000,1
CR000312,Crew_312,FA1,HCS,03-03-1998,FALSE
CR000313,Crew_313,CPT,PCF,17-08-2009,FALSE
CR000314,Crew_314,Captain,GVJ,12-02-2004,TRUE
CR000315,Crew_315,CPT,SAT,22-11-2014,0
CR000316,Crew_316,First Officer,QQA,29-03-2019,0
CR000317,Crew_317,PURSER,VIM,22-11-2016,TRUE
CR000318,Crew_318,PSR,SLC,18-03-2016,FALSE
CR000319,Crew_319,captain,GBC,04-08-2024,0
CR000320,Crew_320,Captain,KGP,26-09-1995,0
CR000321,Crew_321,Purser,TDP,28-04-2015,Y
CR000322,Crew_322,PURSER,XOJ,11-01-2004,TRUE
CR000323,Crew_323,F/A,DCA,11-12-2000,1
CR000324,Crew_324,FA1,LTP,15-09-1996,1
CR000325,Crew_325,FO,SAT,05-01-2016,Y
CR000326,Crew_326,F/O,TZZ,12-11-2003,0
CR000327,Crew_327,CAPT,RDL,16-03-1995,Y
CR000328,Crew_328,First Officer,PHL,24-08-2025,0
CR000329,Crew_329,fa,MCO,02-11-2003,0
CR000330,Crew_330,Flight Attendant,CLT,12/18/2014,Y
CR000331,Crew_331,Flight Attendant,LTS,09-08-2015,1
CR000332,Crew_332,captain,BNA,23-02-2007,1
CR000333,Crew_333,purser,LGA,01-08-2013,N
CR000334,Crew_334,First Officer,SUG,27-09-2010,Y
CR000335,Crew_335,FA1,OHX,01/21/2001,TRUE
CR000336,Crew_336,F/A,JUC,11/21/2018,Y
CR000337,Crew_337,captain,CLT,19-05-2012,TRUE
CR000338,Crew_338,firstofficer,AUS,25-11-2021,TRUE
CR000339,Crew_339,purser,DFW,08-10-2017,0
CR000340,Crew_340,F/O,FIJ,05/13/2011,1
CR000341,Crew_341,First Officer,ORD,18-01-1996,N
CR000342,Crew_342,PURSER,GVJ,31-08-2003,
CR000343,Crew_343,FA,FIY,02-10-2008,N
CR000344,Crew_344,Captain,,23-02-2001,Y
CR000345,Crew_345,PURSER,MCO,10-04-2011,0
CR000346,Crew_346,F/O,IND,17-08-2012,Y
CR000347,Crew_347,FirstOfficer,DFW,03/30/2009,1
CR000348,Crew_348,Flight Attendant,IND,12-03-1998,FALSE
CR000349,Crew_349,Captain,IBY,03-04-2023,0
CR000350,Crew_350,FA,RDU,12-02-2024,TRUE
CR000351,Crew_351,Purser,MIA,01-03-2002,Y
CR000352,Crew_352,FA1,JQH,15-07-2011,FALSE
CR000353,Crew_353,FA,FLY,22-07-2013,TRUE
CR000354,Crew_354,F/A,QTU,26-11-2015,TRUE
CR000355,Crew_355,Flight Attendant,DPO,23-10-2006,Y
CR000356,Crew_356,CAPT,WFQ,17-01-2010,Y
CR000357,Crew_357,fa,RNI,31-07-2010,0
CR000358,Crew_358,captain,LTS,07-08-2020,0
CR000359,Crew_359,CPT,XDR,11-04-1999,TRUE
CR000360,Crew_360,CAPT,HVH,15-03-2007,
CR000361,Crew_361,fa,AAZ,22-12-2002,Y
CR000362,Crew_362,Purser,DCA,10-01-2023,TRUE
CR000363,Crew_363,F/A,AMK,04-02-2004,N
CR000364,Crew_364,PURSER,EXH,14-01-2023,Y
CR000365,Crew_365,CPT,HNL,02-06-2001,1
CR000366,Crew_366,PURSER,VSQ,07-06-2002,Y
CR000367,Crew_367,F/A,HCS,15-12-2001,FALSE
CR000368,Crew_368,CAPT,PHX,08-10-1998,Y
CR000369,Crew_369,FA1,RNI,19-08-2011,TRUE
CR000370,Crew_370,purser,AAZ,22-09-2025,
CR000371,Crew_371,firstofficer,DMZ,09-01-2024,N
CR000372,Crew_372,FO,SFO,05-06-2010,N
CR000373,Crew_373,Captain,CDZ,25-09-2011,FALSE
CR000374,Crew_374,FirstOfficer,DCA,19-09-2021,
CR000375,Crew_375,Purser,FIY,03-04-2017,
CR000376,Crew_376,Captain,KEM,23-11-1998,FALSE
CR000377,Crew_377,Purser,KGP,14-12-2006,
CR000378,Crew_378,FirstOfficer,LGA,13-05-1995,Y
CR000379,Crew_379,CPT,SAN,30-03-1995,1
CR000380,Crew_380,FA1,PHL,09/24/2024,0
CR000381,Crew_381,purser,XLA,27-09-2016,
CR000382,Crew_382,First Officer,YZE,08/25/2024,0
CR000383,Crew_383,FO,IRG,02-11-2009,1
CR000384,Crew_384,fa,XOJ,31-10-2019,FALSE
CR000385,Crew_385,Captain,QQA,07-12-2020,N
CR000386,Crew_386,FO,XMO,21-10-1999,N
CR000387,Crew_387,purser,OLJ,13-05-1995,
CR000388,Crew_388,Purser,LTP,01-07-1999,TRUE
CR000389,Crew_389,captain,ORD,05-07-1999,FALSE
CR000390,Crew_390,firstofficer,SFO,04-12-2004,1
CR000391,Crew_391,firstofficer,GBC,21-05-2002,Y
CR000392,Crew_392,PURSER,QQA,12/27/1998,Y
CR000393,Crew_393,captain,WHD,30-11-2017,Y
CR000394,Crew_394,Purser,CIB,27-10-2021,TRUE
CR000395,Crew_395,FO,UUS,23-03-2003,
CR000396,Crew_396,captain,TDP,08/28/2002,
CR000397,Crew_397,First Officer,DTW,01-06-2021,TRUE
CR000398,Crew_398,First Officer,MSP,07-03-2023,0
CR000399,Crew_399,First Officer,HBR,23-07-2019,Y
CR000400,Crew_400,captain,WTL,03-11-1999,TRUE
CR000401,Crew_401,captain,MVL,09-09-2023,TRUE
CR000402,Crew_402,FO,BOS,01-02-2000,1
CR000403,Crew_403,captain,IAH,06-01-2010,N
CR000404,Crew_404,Flight Attendant,RDS,19-12-2023,
CR000405,Crew_405,firstofficer,AUS,07-02-1995,1
CR000406,Crew_406,captain,SFO,20-10-2007,N
CR000407,Crew_407,Captain,SUG,06-01-1995,0
CR000408,Crew_408,FO,REA,07-10-2007,FALSE
CR000409,Crew_409,FirstOfficer,PCF,14-10-1996,Y
CR000410,Crew_410,Flight Attendant,WTL,04-10-2018,FALSE
CR000411,Crew_411,Purser,LAX,25-04-2021,
CR000412,Crew_412,Captain,,24-06-2007,FALSE
CR000413,Crew_413,Captain,ENG,16-02-2005,N
CR000414,Crew_414,CPT,DTW,05/25/2003,N
CR000415,Crew_415,purser,EDX,23-04-2024,
CR000416,Crew_416,CAPT,AMK,06-02-2011,Y
CR000417,Crew_417,CAPT,CTH,06/25/2009,Y
CR000418,Crew_418,PURSER,HBR,11-03-2006,
CR000419,Crew_419,CAPT,OHX,07-05-1997,
CR000420,Crew_420,Purser,FEA,08/13/1997,TRUE
CR000421,Crew_421,CPT,FIJ,06-04-2024,TRUE
CR000422,Crew_422,Captain,XMO,29-09-2014,0
CR000423,Crew_423,First Officer,PIT,14-09-2019,1
CR000424,Crew_424,CPT,KEM,13-03-2001,0
CR000425,Crew_425,F/A,RNY,12-10-2014,Y
CR000426,Crew_426,F/A,FLY,25-05-2025,1
CR000427,Crew_427,firstofficer,OAK,28-08-2001,FALSE
CR000428,Crew_428,FA,KEM,18-10-2005,N
CR000429,Crew_429,Captain,PHX,04-01-2024,
CR000430,Crew_430,Captain,MCO,21-03-1998,
CR000431,Crew_431,CAPT,XOJ,28-02-1995,TRUE
CR000432,Crew_432,purser,FIY,10/20/2019,FALSE
CR000433,Crew_433,PURSER,CDZ,04-06-2000,N
CR000434,Crew_434,Captain,LGA,14-04-2023,0
CR000435,Crew_435,Captain,RNI,28-03-2022,TRUE
CR000436,Crew_436,firstofficer,AAZ,02-07-2021,1
CR000437,Crew_437,CAPT,WJU,26-10-2005,1
CR000438,Crew_438,fa,JFK,17-02-2002,FALSE
CR000439,Crew_439,FA,XLA,22-07-2024,1
CR000440,Crew_440,F/A,QTU,07/21/1998,FALSE
CR000441,Crew_441,Flight Attendant,VIM,22-06-2018,N
CR000442,Crew_442,fa,AMK,13-06-2020,0
CR000443,Crew_443,CAPT,CMH,12-03-2019,TRUE
CR000444,Crew_444,PURSER,DPO,10-06-2003,1
CR000445,Crew_445,PSR,FNZ,26-12-2021,0
CR000446,Crew_446,FA,CDZ,20-02-2008,1
CR000447,Crew_447,captain,MDP,19-03-2022,FALSE
CR000448,Crew_448,CPT,RDS,03-11-2005,TRUE
CR000449,Crew_449,FirstOfficer,HBR,11-07-2020,N
CR000450,Crew_450,F/A,IBY,29-09-1998,N
CR000451,Crew_451,CAPT,CMH,06-09-2010,N
CR000452,Crew_452,Flight Attendant,XZH,03-07-2009,1
CR000453,Crew_453,First Officer,CGO,04-04-2013,0
CR000454,Crew_454,CPT,NFY,04-07-2005,1
CR000455,Crew_455,PSR,KEM,09-05-2022,FALSE
CR000456,Crew_456,Flight Attendant,MKN,28-05-2003,0
CR000457,Crew_457,captain,LTS,13-09-2013,Y
CR000458,Crew_458,FO,ETT,29-10-2013,
CR000459,Crew_459,CAPT,QQA,27-07-2018,1
CR000460,Crew_460,Purser,CSB,06-03-2022,0
CR000461,Crew_461,FO,JUC,18-12-1997,Y
CR000462,Crew_462,Flight Attendant,WFQ,05-03-1996,1
CR000463,Crew_463,fa,KEM,08/14/2001,
CR000464,Crew_464,CAPT,DFW,14-02-1999,FALSE
CR000465,Crew_465,PURSER,YZE,19-05-2022,1
CR000466,Crew_466,fa,OAK,21-06-2011,Y
CR000467,Crew_467,F/O,LTP,09-09-2008,Y
CR000468,Crew_468,Flight Attendant,XMO,14-04-2007,Y
CR000469,Crew_469,CAPT,PDX,10-08-2013,0
CR000470,Crew_470,FA1,KGP,05-01-2010,N
CR000471,Crew_471,First Officer,PIT,13-06-2002,
CR000472,Crew_472,captain,HNL,27-12-2001,
CR000473,Crew_473,Flight Attendant,XOJ,24-08-2019,1
CR000474,Crew_474,Captain,ENG,23-12-2009,Y
CR000475,Crew_475,Captain,WTL,01-05-2017,FALSE
CR000476,Crew_476,Flight Attendant,CDZ,05-11-2023,TRUE
CR000477,Crew_477,FirstOfficer,JFK,08/18/2020,0
CR000478,Crew_478,captain,HBR,01-04-2015,0
CR000479,Crew_479,fa,EDX,29-07-2024,
CR000480,Crew_480,First Officer,EDX,05-12-1995,FALSE
CR000481,Crew_481,F/A,RNY,10-12-2019,N
CR000482,Crew_482,purser,MOK,05-08-2005,TRUE
CR000483,Crew_483,firstofficer,LGA,07-08-2015,TRUE
CR000484,Crew_484,captain,IND,30-07-1995,N
CR000485,Crew_485,F/A,IRG,08-05-2012,Y
CR000486,Crew_486,First Officer,IND,14-04-2012,FALSE
CR000487,Crew_487,PURSER,OLJ,11-04-2010,0
CR000488,Crew_488,CAPT,LAX,18-01-2004,N
CR000489,Crew_489,F/A,RDS,10-09-1998,FALSE
CR000490,Crew_490,FA1,IAD,09-09-2004,1
CR000491,Crew_491,CAPT,KGP,06-11-2005,1
CR000492,Crew_492,Captain,SAN,27-05-2018,
CR000493,Crew_493,FirstOfficer,CLT,28-08-2020,Y
CR000494,Crew_494,F/A,SEA,28-02-2010,TRUE
CR000495,Crew_495,First Officer,IND,04/23/2017,
CR000496,Crew_496,firstofficer,LTA,27-01-2007,TRUE
CR000497,Crew_497,Captain,CRN,30-11-2014,
CR000498,Crew_498,PSR,DPO,08-01-2018,FALSE
CR000499,Crew_499,CAPT,REA,07-10-2023,0
CR000500,Crew_500,Captain,YCO,15-01-2016,0
CR000501,Crew_501,Flight Attendant,IND,05-10-2005,N
CR000502,Crew_502,FA,TDP,31-10-2002,0
CR000503,Crew_503,F/A,EUI,08-02-2005,TRUE
CR000504,Crew_504,FO,HNL,06-10-2000,FALSE
CR000505,Crew_505,F/A,OLJ,20-08-2002,Y
CR000506,Crew_506,F/A,XLA,16-03-2002,FALSE
CR000507,Crew_507,FirstOfficer,BOS,31-10-1995,1
CR000508,Crew_508,CAPT,IND,19-05-1997,0
CR000509,Crew_509,F/O,TPA,10-04-2022,Y
CR000510,Crew_510,Purser,QQA,05-12-2025,1
CR000511,Crew_511,FO,ATL,02-05-2009,TRUE
CR000512,Crew_512,firstofficer,BOS,02/28/2003,Y
CR000513,Crew_513,FA,EXH,26-03-2004,FALSE
CR000514,Crew_514,PSR,CMH,12-08-2009,1
CR000515,Crew_515,Captain,REA,02-07-2016,N
CR000516,Crew_516,captain,QRP,06/13/2014,0
CR000517,Crew_517,FA,RNY,06-09-2023,
CR000518,Crew_518,Flight Attendant,BNA,21-06-2011,N
CR000519,Crew_519,purser,FIJ,26-02-2014,1
CR000520,Crew_520,Purser,EXH,19-12-2024,0
CR000521,Crew_521,captain,MOK,12-02-2001,
CR000522,Crew_522,Purser,RNI,30-11-2017,Y
CR000523,Crew_523,Purser,LGA,23-10-2020,FALSE
CR000524,Crew_524,purser,BDA,24-10-2019,N
CR000525,Crew_525,FO,MSY,21-03-2015,TRUE
CR000526,Crew_526,purser,CDZ,18-04-2018,FALSE
CR000527,Crew_527,Captain,OLJ,29-09-2002,FALSE
CR000528,Crew_528,First Officer,JUC,03/17/2010,1
CR000529,Crew_529,F/A,MKN,11-10-1995,1
CR000530,Crew_530,purser,RNI,20-12-1996,
CR000531,Crew_531,F/O,FLL,27-08-2018,
CR000532,Crew_532,Captain,PHL,03-08-2003,TRUE
CR000533,Crew_533,firstofficer,VMH,02/18/2014,
CR000534,Crew_534,FirstOfficer,CSB,16-09-2000,
CR000535,Crew_535,Purser,BNA,23-12-2013,
CR000536,Crew_536,captain,SEA,09-08-2017,
CR000537,Crew_537,CAPT,KEM,19-10-2023,N
CR000538,Crew_538,FirstOfficer,DMZ,27-08-2024,1
CR000539,Crew_539,FA,WTL,21-11-2019,Y
CR000540,Crew_540,Captain,VSQ,26-01-2012,0
CR000541,Crew_541,PSR,FNZ,25-08-2005,1
CR000542,Crew_542,purser,,18-05-2002,1
CR000543,Crew_543,First Officer,SFO,04-12-1998,TRUE
CR000544,Crew_544,PSR,SEA,15-04-2024,Y
CR000545,Crew_545,CAPT,ATL,31-08-2013,
CR000546,Crew_546,F/A,ENR,04-11-1998,TRUE
CR000547,Crew_547,Captain,LTA,31-08-2025,FALSE
CR000548,Crew_548,purser,VIM,01-02-2019,1
CR000549,Crew_549,FA,SAT,01-01-2004,0
CR000550,Crew_550,Captain,CDZ,06-11-2008,0
CR000551,Crew_551,Purser,FIJ,06/30/2023,TRUE
CR000552,Crew_552,firstofficer,AUS,25-09-2024,TRUE
CR000553,Crew_553,F/O,JQH,25-01-2021,0
CR000554,Crew_554,firstofficer,CMH,20-10-2006,Y
CR000555,Crew_555,Flight Attendant,DPO,12-01-2012,Y
CR000556,Crew_556,FA,MVL,19-06-1995,1
CR000557,Crew_557,First Officer,RDS,02-06-1996,Y
CR000558,Crew_558,Purser,WJU,10/17/2009,FALSE
CR000559,Crew_559,PURSER,CDZ,03/29/1997,N
CR000560,Crew_560,CPT,MIA,19-11-2014,TRUE
CR000561,Crew_561,PURSER,JFK,28-07-2004,Y
CR000562,Crew_562,F/O,BNA,15-01-1997,0
CR000563,Crew_563,FA1,SFO,16-08-1999,FALSE
CR000564,Crew_564,First Officer,LAX,06-08-2004,1
CR000565,Crew_565,Purser,XLA,19-05-2022,
CR000566,Crew_566,First Officer,UVL,01/24/2003,N
CR000567,Crew_567,fa,ETT,17-12-2018,
CR000568,Crew_568,First Officer,SAT,07/28/2009,FALSE
CR000569,Crew_569,PSR,QTU,11-02-2012,Y
CR000570,Crew_570,PURSER,DTW,25-08-2018,1
CR000571,Crew_571,FO,CGO,04-08-1999,Y
CR000572,Crew_572,PURSER,JUC,02/14/2020,TRUE
CR000573,Crew_573,fa,QTU,22-06-1999,FALSE
CR000574,Crew_574,FA,QQA,09-07-2001,1
CR000575,Crew_575,Flight Attendant,MOK,10-11-2013,1
CR000576,Crew_576,PURSER,HNL,18-11-2003,TRUE
CR000577,Crew_577,fa,IND,04-11-2019,TRUE
CR000578,Crew_578,CPT,DFW,31-10-2012,N
CR000579,Crew_579,FO,DMZ,19-01-2016,Y
CR000580,Crew_580,CAPT,HVH,02-04-2024,Y
CR000581,Crew_581,FA1,FIJ,09-09-2022,1
CR000582,Crew_582,purser,AUS,04-10-2003,1
CR000583,Crew_583,PURSER,UUS,22-03-2010,Y
CR000584,Crew_584,FA,JFK,09-04-2002,TRUE
CR000585,Crew_585,CPT,PHX,19-04-2014,TRUE
CR000586,Crew_586,PURSER,WTL,23-08-2004,Y
CR000587,Crew_587,FirstOfficer,CIP,09/24/2014,0
CR000588,Crew_588,FirstOfficer,SAT,28-10-2006,
CR000589,Crew_589,Flight Attendant,ORD,10-04-2016,N
CR000590,Crew_590,FO,XDR,13-10-1999,1
CR000591,Crew_591,PURSER,OLJ,03-01-2002,1
CR000592,Crew_592,captain,IAD,09-03-2023,
CR000593,Crew_593,PSR,ORD,29-10-2018,
CR000594,Crew_594,FO,SUG,11-10-2014,Y
CR000595,Crew_595,fa,MVL,25-10-2011,FALSE
CR000596,Crew_596,Captain,PDX,31-12-2011,
CR000597,Crew_597,Purser,CTH,13-01-2018,TRUE
CR000598,Crew_598,CPT,XLA,19-01-2004,
CR000599,Crew_599,CPT,PHX,08-12-1997,N
CR000600,Crew_600,FO,ATL,20-02-2018,Y
CR000601,Crew_601,Purser,HVH,26-07-1995,FALSE
CR000602,Crew_602,PSR,JQH,02/27/2001,FALSE
CR000603,Crew_603,captain,CMH,17-08-1997,FALSE
CR000604,Crew_604,firstofficer,UVL,03-04-2000,N
CR000605,Crew_605,FA1,RDS,23-01-1999,0
CR000606,Crew_606,firstofficer,XMO,08-08-2018,0
CR000607,Crew_607,CPT,HBR,17-01-2001,1
CR000608,Crew_608,PURSER,EUI,11-08-1999,TRUE
CR000609,Crew_609,FA,WJU,11-03-2016,1
CR000610,Crew_610,PSR,FEA,13-03-2002,TRUE
CR000611,Crew_611,Flight Attendant,IND,10-08-2003,
CR000612,Crew_612,captain,GBC,27-01-2025,
CR000613,Crew_613,F/O,UVL,15-05-2000,1
CR000614,Crew_614,captain,XMO,23-10-1995,TRUE
CR000615,Crew_615,PSR,FLY,07-08-1995,1
CR000616,Crew_616,firstofficer,MVL,19-12-2002,N
CR000617,Crew_617,FA,QRP,08-10-2023,Y
CR000618,Crew_618,Purser,TZZ,27-08-1996,
CR000619,Crew_619,FirstOfficer,ORD,21-04-2013,
CR000620,Crew_620,purser,RDU,17-02-2002,TRUE
CR000621,Crew_621,FO,EDX,11-01-2000,FALSE
CR000622,Crew_622,F/A,UVL,12-07-2013,FALSE
CR000623,Crew_623,purser,RNY,14-08-2002,FALSE
CR000624,Crew_624,FA,REA,05-05-2002,TRUE
CR000625,Crew_625,FO,HBR,22-10-1996,Y
CR000626,Crew_626,Flight Attendant,OLJ,04-08-2009,0
CR000627,Crew_627,CAPT,CLE,04-07-2018,Y
CR000628,Crew_628,purser,IND,20-04-1998,N
CR000629,Crew_629,captain,CLT,14-07-2008,FALSE
CR000630,Crew_630,PSR,OHX,08-05-2006,1
CR000631,Crew_631,F/A,CDZ,06-09-2017,TRUE
CR000632,Crew_632,PSR,EUI,07-03-2015,0
CR000633,Crew_633,firstofficer,FNZ,17-03-2004,Y
CR000634,Crew_634,CAPT,SJC,10-07-2018,N
CR000635,Crew_635,PSR,NFY,17-12-2013,TRUE
CR000636,Crew_636,CPT,VMH,01-06-2013,FALSE
CR000637,Crew_637,FO,SFO,08-10-2010,N
CR000638,Crew_638,F/O,DCA,07-09-2019,Y
CR000639,Crew_639,F/A,VSQ,16-12-2012,1
CR000640,Crew_640,First Officer,CRN,11/23/2003,TRUE
CR000641,Crew_641,Purser,QLE,21-12-2008,TRUE
CR000642,Crew_642,First Officer,FVH,08/25/2015,FALSE
CR000643,Crew_643,PSR,LCH,02-03-2023,TRUE
CR000644,Crew_644,Captain,YVZ,30-11-2018,N
CR000645,Crew_645,CAPT,QLE,24-09-2022,N
CR000646,Crew_646,CAPT,OQR,05-11-2019,
CR000647,Crew_647,CAPT,OLJ,08-04-2009,
CR000648,Crew_648,FO,ENR,02-11-2013,1
CR000649,Crew_649,FA,FIY,12/15/2008,
CR000650,Crew_650,Captain,QLE,05-12-2004,
CR000651,Crew_651,Captain,NBV,07-05-2018,N
CR000652,Crew_652,CAPT,MSY,15-02-2024,1
CR000653,Crew_653,firstofficer,CDZ,11/18/2008,FALSE
CR000654,Crew_654,Flight Attendant,CGO,06-09-2005,N
CR000655,Crew_655,F/A,XZH,15-04-2011,TRUE
CR000656,Crew_656,fa,SAT,05-10-2016,0
CR000657,Crew_657,PSR,MDP,07-09-2019,
CR000658,Crew_658,Flight Attendant,PDX,03-01-2009,
CR000659,Crew_659,CPT,RDS,11-04-2001,
CR000660,Crew_660,F/O,SEA,05/19/2009,FALSE
CR000661,Crew_661,Captain,XOJ,12/21/2004,
CR000662,Crew_662,CPT,RDL,04-08-2003,FALSE
CR000663,Crew_663,F/O,ULZ,06-12-2005,TRUE
CR000664,Crew_664,FA1,MDP,31-01-2023,N
CR000665,Crew_665,PURSER,WTL,15-06-2019,
CR000666,Crew_666,FirstOfficer,YZE,11-06-2001,1
CR000667,Crew_667,CAPT,EWR,07-02-2005,Y
CR000668,Crew_668,purser,HVH,11/20/2007,1
CR000669,Crew_669,Flight Attendant,FLY,17-09-1999,0
CR000670,Crew_670,F/O,EWR,20-09-2015,
CR000671,Crew_671,captain,OLJ,17-10-2023,FALSE
CR000672,Crew_672,Captain,IAD,07-03-2000,
CR000673,Crew_673,FO,DMZ,03-12-1999,N
CR000674,Crew_674,purser,JQH,14-05-2014,1
CR000675,Crew_675,FirstOfficer,CIP,17-11-2006,0
CR000676,Crew_676,captain,RNI,09/16/2021,TRUE
CR000677,Crew_677,PURSER,LTA,30-04-2010,Y
CR000678,Crew_678,CAPT,LTS,08-04-2004,Y
CR000679,Crew_679,First Officer,,24-07-2005,Y
CR000680,Crew_680,PURSER,NBV,06/16/2005,0
CR000681,Crew_681,FA1,LCH,24-04-2016,1
CR000682,Crew_682,PSR,OQR,05-04-2003,FALSE
CR000683,Crew_683,Captain,MDP,04/16/2001,Y
CR000684,Crew_684,First Officer,MVL,11-04-2005,TRUE
CR000685,Crew_685,FirstOfficer,XZH,24-08-2017,N
CR000686,Crew_686,FA,SJC,07-05-2005,1
CR000687,Crew_687,PURSER,WFQ,13-03-2014,0
CR000688,Crew_688,FO,LCH,24-01-1996,1
CR000689,Crew_689,F/A,EUI,11/14/2018,
CR000690,Crew_690,FO,HVH,29-08-2002,Y
CR000691,Crew_691,CAPT,XDR,16-02-2018,TRUE
CR000692,Crew_692,PSR,TZZ,10/28/1999,N
CR000693,Crew_693,fa,PCF,02-10-2014,FALSE
CR000694,Crew_694,FA1,MOK,07-03-1997,0
CR000695,Crew_695,Flight Attendant,PDX,08-02-2019,TRUE
CR000696,Crew_696,Flight Attendant,EWR,01-01-2023,0
CR000697,Crew_697,Flight Attendant,SLC,13-08-2022,
CR000698,Crew_698,FA1,ENG,20-11-2020,TRUE
CR000699,Crew_699,FO,LGA,11/19/2015,1
CR000700,Crew_700,FO,RDU,13-02-1997,FALSE
CR000701,Crew_701,Purser,GVJ,28-10-2019,TRUE
CR000702,Crew_702,F/O,OHX,01-02-2012,FALSE
CR000703,Crew_703,CPT,NEB,03-05-2000,0
CR000704,Crew_704,PSR,HVH,01/16/2013,N
CR000705,Crew_705,Captain,DMZ,24-11-1998,N
CR000706,Crew_706,captain,SLC,10-01-2015,N
CR000707,Crew_707,purser,CIA,19-05-2019,TRUE
CR000708,Crew_708,CPT,GBC,13-07-2024,TRUE
CR000709,Crew_709,firstofficer,DMZ,14-11-2003,Y
CR000710,Crew_710,fa,OHX,20-04-2021,
CR000711,Crew_711,PSR,ATL,21-02-2007,0
CR000712,Crew_712,PSR,LAS,13-08-2023,0
CR000713,Crew_713,Captain,VSQ,15-02-2010,Y
CR000714,Crew_714,Purser,ENR,10/19/2025,Y
CR000715,Crew_715,FA,EDX,14-10-2002,0
CR000716,Crew_716,CAPT,TZZ,18-02-2018,N
CR000717,Crew_717,captain,TDP,06/13/2017,
CR000718,Crew_718,CPT,AMK,08-05-2007,FALSE
CR000719,Crew_719,CPT,IND,02-04-2006,Y
CR000720,Crew_720,Purser,SLC,06/19/1995,FALSE
CR000721,Crew_721,firstofficer,DMZ,17-03-1999,TRUE
CR000722,Crew_722,Captain,SJC,05-08-2004,N
CR000723,Crew_723,CPT,DMZ,02-09-2011,
CR000724,Crew_724,FirstOfficer,VSQ,11-04-2021,1
CR000725,Crew_725,Captain,NEB,07-02-2007,TRUE
CR000726,Crew_726,FA,MDP,20-05-2011,0
CR000727,Crew_727,PURSER,CGO,02/15/1999,Y
CR000728,Crew_728,FO,CIP,22-04-2011,
CR000729,Crew_729,purser,FLL,19-03-2013,0
CR000730,Crew_730,F/A,SJC,02/13/2012,0
CR000731,Crew_731,CAPT,LAX,04/23/2018,FALSE
CR000732,Crew_732,Purser,XZH,02-02-1996,0
CR000733,Crew_733,CPT,RDS,02/29/2020,1
CR000734,Crew_734,purser,AUS,01-07-2021,0
CR000735,Crew_735,FO,LGA,07/16/2003,
CR000736,Crew_736,fa,AUS,28-08-2003,TRUE
CR000737,Crew_737,PURSER,CLE,29-09-2010,
CR000738,Crew_738,FO,PHL,23-01-2017,1
CR000739,Crew_739,Purser,XLA,17-02-2013,Y
CR000740,Crew_740,FA,AUS,07/23/2017,TRUE
CR000741,Crew_741,CPT,PCF,29-11-2015,N
CR000742,Crew_742,PURSER,RDS,28-12-2017,FALSE
CR000743,Crew_743,F/A,OLJ,11-05-2013,N
CR000744,Crew_744,F/O,LTA,18-10-2005,
CR000745,Crew_745,firstofficer,BNA,27-09-2013,TRUE
CR000746,Crew_746,Captain,BNA,02-03-2006,1
CR000747,Crew_747,FirstOfficer,KGP,10-05-2017,N
CR000748,Crew_748,Flight Attendant,XLA,10-01-2011,FALSE
CR000749,Crew_749,FA1,FLY,14-09-2014,1
CR000750,Crew_750,Captain,QTU,19-05-2024,Y
CR000751,Crew_751,FA,CSB,19-09-2000,1
CR000752,Crew_752,F/A,CLT,01-01-2016,FALSE
CR000753,Crew_753,F/A,,02/17/2023,
CR000754,Crew_754,FA1,SAN,30-08-2010,1
CR000755,Crew_755,fa,HNL,12-08-2020,N
CR000756,Crew_756,PSR,DEN,23-06-2013,1
CR000757,Crew_757,CAPT,DEN,22-10-2018,0
CR000758,Crew_758,captain,LAS,19-10-2005,N
CR000759,Crew_759,First Officer,PHX,31-08-1996,1
CR000760,Crew_760,FO,XZH,26-04-1996,TRUE
CR000761,Crew_761,F/A,IAD,14-05-1997,TRUE
CR000762,Crew_762,fa,FLL,24-01-2008,Y
CR000763,Crew_763,PSR,HCS,24-09-2015,1
CR000764,Crew_764,FO,,09/30/2013,FALSE
CR000765,Crew_765,Flight Attendant,VMH,07-03-2003,0
CR000766,Crew_766,FA,PHL,30-11-2004,0
CR000767,Crew_767,FA,CSB,07/17/1996,FALSE
CR000768,Crew_768,captain,XLA,22-07-2000,FALSE
CR000769,Crew_769,fa,IRG,17-04-2011,1
CR000770,Crew_770,PURSER,WJU,19-10-2019,1
CR000771,Crew_771,F/A,CRN,01/23/2012,N
CR000772,Crew_772,First Officer,YVZ,23-07-1999,0
CR000773,Crew_773,Captain,LCH,07-04-2025,TRUE
CR000774,Crew_774,Flight Attendant,WFQ,23-12-2019,TRUE
CR000775,Crew_775,CAPT,NEB,10/13/2004,1
CR000776,Crew_776,Flight Attendant,SJC,20-09-2022,FALSE
CR000777,Crew_777,captain,HVH,05-02-1999,TRUE
CR000778,Crew_778,CAPT,SFO,11-08-1998,FALSE
CR000779,Crew_779,purser,QTU,31-05-2007,0
CR000780,Crew_780,fa,EDX,17-01-2006,0
CR000781,Crew_781,PSR,CLT,19-01-2022,Y
CR000782,Crew_782,PSR,MKN,26-07-2005,1
CR000783,Crew_783,F/A,RDL,07/24/1996,Y
CR000784,Crew_784,FA1,LGA,12-12-2010,0
CR000785,Crew_785,Captain,UUS,12-02-2013,N
CR000786,Crew_786,purser,IND,01-07-2009,1
CR000787,Crew_787,Purser,CGO,12-02-2013,N
CR000788,Crew_788,FO,BDA,07-09-2012,TRUE
CR000789,Crew_789,F/O,EUI,24-06-2020,N
CR000790,Crew_790,Flight Attendant,QQA,19-07-2002,FALSE
CR000791,Crew_791,captain,KEM,20-12-2007,
CR000792,Crew_792,Purser,DTW,17-02-1995,1
CR000793,Crew_793,firstofficer,IRG,05-01-2013,N
CR000794,Crew_794,CAPT,LAS,23-02-2001,
CR000795,Crew_795,FA1,UUS,16-04-1998,N
CR000796,Crew_796,Flight Attendant,YCO,04-06-1997,
CR000797,Crew_797,FirstOfficer,PCF,20-03-2019,N
CR000798,Crew_798,CAPT,ULZ,17-09-2014,
CR000799,Crew_799,fa,RNY,04/30/2024,N
CR000800,Crew_800,firstofficer,RNI,05/19/2017,0
CR000801,Crew_801,captain,NFY,28-07-1999,N
CR000802,Crew_802,F/O,RDU,18-06-1997,FALSE
CR000803,Crew_803,F/A,JQH,10-10-2015,FALSE
CR000804,Crew_804,firstofficer,ORD,10/22/2020,FALSE
CR000805,Crew_805,CAPT,VMH,09-04-2005,TRUE
CR000806,Crew_806,PURSER,TDP,14-08-2022,
CR000807,Crew_807,First Officer,DTW,29-08-1998,1
CR000808,Crew_808,CPT,FEA,21-09-1997,Y
CR000809,Crew_809,Captain,AUS,04-02-2022,
CR000810,Crew_810,FirstOfficer,REA,10-05-2005,Y
CR000811,Crew_811,CAPT,KGP,03-09-2025,FALSE
CR000812,Crew_812,PURSER,XLA,26-11-2014,0
CR000813,Crew_813,FO,TPA,27-03-1998,0
CR000814,Crew_814,firstofficer,EWR,09-09-2003,
CR000815,Crew_815,captain,PDX,03-11-2009,TRUE
CR000816,Crew_816,FirstOfficer,GVJ,03-10-2009,
CR000817,Crew_817,FA1,SAN,09/21/2001,FALSE
CR000818,Crew_818,FA,OQR,07-09-1996,TRUE
CR000819,Crew_819,PURSER,JQH,19-03-2009,0
CR000820,Crew_820,Purser,PDX,06-07-1997,FALSE
CR000821,Crew_821,Captain,NEB,15-05-2001,Y
CR000822,Crew_822,FA,ULZ,10/25/2015,
CR000823,Crew_823,FirstOfficer,DPO,05/19/2017,1
CR000824,Crew_824,FA,REA,11/29/1998,0
CR000825,Crew_825,FO,QTU,17-04-2016,1
CR000826,Crew_826,FO,IRG,05-01-2010,Y
CR000827,Crew_827,captain,FNZ,01/22/2005,FALSE
CR000828,Crew_828,F/O,VMH,15-11-1996,Y
CR000829,Crew_829,Purser,RNI,09-05-2018,Y
CR000830,Crew_830,Purser,WFQ,17-10-2010,0
CR000831,Crew_831,Purser,QRP,03-08-2025,
CR000832,Crew_832,captain,XLA,11-08-1999,Y
CR000833,Crew_833,F/O,MSP,23-10-2022,
CR000834,Crew_834,PURSER,IND,30-07-2023,1
CR000835,Crew_835,FirstOfficer,QQA,13-02-2024,1
CR000836,Crew_836,fa,TZZ,18-06-2011,1
CR000837,Crew_837,FO,FVH,13-03-1995,TRUE
CR000838,Crew_838,FO,UVL,23-08-2004,1
CR000839,Crew_839,PSR,SJC,29-06-2018,Y
CR000840,Crew_840,PSR,CMH,24-05-2004,N
CR000841,Crew_841,FA,LAX,08-03-2023,
CR000842,Crew_842,firstofficer,LAX,04-02-2012,N
CR000843,Crew_843,CAPT,DFW,29-08-2022,Y
CR000844,Crew_844,FirstOfficer,DPO,29-11-2011,FALSE
CR000845,Crew_845,Flight Attendant,SAT,28-12-2012,TRUE
CR000846,Crew_846,FA,SFO,28-06-2010,N
CR000847,Crew_847,purser,OLJ,01-12-2025,1
CR000848,Crew_848,purser,PIT,25-02-1998,
CR000849,Crew_849,PSR,IAH,07/30/2018,0
CR000850,Crew_850,PURSER,FLY,20-11-2024,N
CR000851,Crew_851,PURSER,DFW,22-05-2015,
CR000852,Crew_852,FO,HVH,12-09-2005,0
CR000853,Crew_853,CPT,CLE,26-04-1996,Y
CR000854,Crew_854,Purser,SAT,10-06-2018,
CR000855,Crew_855,Purser,WTL,02-06-2008,N
CR000856,Crew_856,fa,SFO,07-08-1999,N
CR000857,Crew_857,F/A,RDS,09-04-2005,1
CR000858,Crew_858,PURSER,AUS,11/22/2017,
CR000859,Crew_859,Purser,CIB,06-10-2001,1
CR000860,Crew_860,captain,FEA,02/25/1999,TRUE
CR000861,Crew_861,FA1,MSY,30-05-2013,1
CR000862,Crew_862,purser,NFY,22-07-2012,TRUE
CR000863,Crew_863,FA,EDX,27-03-2014,1
CR000864,Crew_864,CAPT,REA,18-01-2007,0
CR000865,Crew_865,fa,NBV,09-01-1996,N
CR000866,Crew_866,FA1,SEA,29-11-2016,0
CR000867,Crew_867,F/O,LTA,29-07-2004,TRUE
CR000868,Crew_868,FirstOfficer,SAN,09-02-2025,N
CR000869,Crew_869,PURSER,OQR,18-07-2001,FALSE
CR000870,Crew_870,Flight Attendant,CSB,31-01-2008,TRUE
CR000871,Crew_871,First Officer,REA,27-11-2001,0
CR000872,Crew_872,fa,EWR,23-04-2021,1
CR000873,Crew_873,purser,JUC,13-01-2021,N
CR000874,Crew_874,F/A,DPO,19-04-1996,Y
CR000875,Crew_875,CPT,FEA,25-06-2008,1
CR000876,Crew_876,fa,PHX,07-06-2009,
CR000877,Crew_877,CPT,JUC,14-02-2008,0
CR000878,Crew_878,fa,GBC,24-03-2013,TRUE
CR000879,Crew_879,Flight Attendant,EUI,02-10-2021,TRUE
CR000880,Crew_880,fa,MOK,19-08-2009,
CR000881,Crew_881,CPT,OQR,18-02-2006,1
CR000882,Crew_882,CPT,KGP,13-06-2011,
CR000883,Crew_883,F/A,CMH,21-05-2019,TRUE
CR000884,Crew_884,PURSER,IRG,24-04-1997,FALSE
CR000885,Crew_885,Purser,BNA,27-06-2006,1
CR000886,Crew_886,CAPT,MOK,01/26/2022,Y
CR000887,Crew_887,First Officer,,05-01-2007,
CR000888,Crew_888,FO,QQA,02-05-2010,Y
CR000889,Crew_889,FA,FEA,03-12-2002,N
CR000890,Crew_890,First Officer,YVZ,31-10-1998,
CR000891,Crew_891,PSR,ULZ,20-08-2017,FALSE
CR000892,Crew_892,Captain,DCA,06-07-2003,N
CR000893,Crew_893,FirstOfficer,CIP,17-11-2013,TRUE
CR000894,Crew_894,CAPT,YZE,10/31/1999,
CR000895,Crew_895,PURSER,CLT,11-08-2023,1
CR000896,Crew_896,captain,JQH,07/30/1998,Y
CR000897,Crew_897,purser,DEN,13-11-1996,Y
CR000898,Crew_898,CAPT,AMK,04-07-2003,N
CR000899,Crew_899,F/O,XLA,11-07-2015,0
CR000900,Crew_900,Captain,RNY,27-10-2001,TRUE
CR000901,Crew_901,CAPT,KEM,07/24/1999,
CR000902,Crew_902,Captain,OHX,05-12-2011,
CR000903,Crew_903,CPT,RNY,15-05-1995,FALSE
CR000904,Crew_904,First Officer,OQR,11/19/2016,N
CR000905,Crew_905,PURSER,CLE,14-06-2020,0
CR000906,Crew_906,CAPT,YZE,26-09-2006,N
CR000907,Crew_907,FirstOfficer,IAH,27-09-2021,TRUE
CR000908,Crew_908,FA,MVL,27-03-1996,1
CR000909,Crew_909,Flight Attendant,RDL,14-09-2002,N
CR000910,Crew_910,PSR,DFW,10-03-2003,
CR000911,Crew_911,purser,LTS,12-03-2004,Y
CR000912,Crew_912,fa,ULZ,03/30/2008,N
CR000913,Crew_913,firstofficer,REA,10-12-1998,N
CR000914,Crew_914,CAPT,GBC,10/16/2006,FALSE
CR000915,Crew_915,FO,ENG,08/24/1996,N
CR000916,Crew_916,F/O,YZE,28-05-2017,Y
CR000917,Crew_917,captain,JFK,04-09-2011,TRUE
CR000918,Crew_918,captain,IAH,11/17/2021,Y
CR000919,Crew_919,captain,FEA,07/26/1996,FALSE
CR000920,Crew_920,Purser,IAD,14-07-2003,TRUE
CR000921,Crew_921,fa,CSB,03-02-2008,0
CR000922,Crew_922,First Officer,QRP,26-12-1995,1
CR000923,Crew_923,firstofficer,ORD,05-03-1996,Y
CR000924,Crew_924,firstofficer,LTP,22-05-1996,TRUE
CR000925,Crew_925,First Officer,MKN,21-09-2011,0
CR000926,Crew_926,CPT,SLC,10-06-1995,1
CR000927,Crew_927,PURSER,LCH,08-01-2005,0
CR000928,Crew_928,purser,DMZ,09-12-2007,FALSE
CR000929,Crew_929,fa,AAZ,09-12-2002,TRUE
CR000930,Crew_930,F/O,RNY,03-03-2007,Y
CR000931,Crew_931,PURSER,HNL,13-10-2013,0
CR000932,Crew_932,FA,LTP,25-03-2002,FALSE
CR000933,Crew_933,CPT,JQH,23-08-2000,TRUE
CR000934,Crew_934,FA1,QQA,05-03-2009,TRUE
CR000935,Crew_935,FA1,BDA,09-12-2012,Y
CR000936,Crew_936,FA,XZH,22-03-2024,0
CR000937,Crew_937,PSR,WJU,03/30/2011,FALSE
CR000938,Crew_938,captain,JUC,14-12-2020,TRUE
CR000939,Crew_939,CAPT,PHX,30-07-2004,1
CR000940,Crew_940,Purser,JFK,28-04-2017,Y
CR000941,Crew_941,PSR,CMH,01-05-2017,1
CR000942,Crew_942,Purser,AAZ,16-04-2014,N
CR000943,Crew_943,CAPT,XDR,11-01-2001,
CR000944,Crew_944,captain,YZE,15-09-2013,FALSE
CR000945,Crew_945,Flight Attendant,EXH,13-12-2024,
CR000946,Crew_946,purser,CIB,14-03-2025,
CR000947,Crew_947,Flight Attendant,FIJ,15-04-2019,0
CR000948,Crew_948,PSR,LCH,06/17/2011,TRUE
CR000949,Crew_949,Captain,UVL,06-04-2012,Y
CR000950,Crew_950,PSR,FLL,17-01-2010,TRUE
CR000951,Crew_951,First Officer,DCA,08-03-2008,FALSE
CR000952,Crew_952,F/A,BNA,15-09-2002,N
CR000953,Crew_953,FA,,15-09-2020,TRUE
CR000954,Crew_954,PSR,RDL,19-02-2021,Y
CR000955,Crew_955,PSR,LTS,11-06-2009,N
CR000956,Crew_956,purser,TDP,23-06-2007,FALSE
CR000957,Crew_957,Captain,RDS,09/18/2000,
CR000958,Crew_958,F/O,TZZ,03-10-2014,N
CR000959,Crew_959,CAPT,LAX,11-07-2007,TRUE
CR000960,Crew_960,fa,NBV,14-01-2023,TRUE
CR000961,Crew_961,F/O,AAZ,28-08-1997,Y
CR000962,Crew_962,captain,MIA,29-12-2020,0
CR000963,Crew_963,Purser,SLC,11/24/1996,Y
CR000964,Crew_964,Captain,RDU,09/17/2013,
CR000965,Crew_965,CAPT,LGA,03-08-2005,N
CR000966,Crew_966,purser,HNL,26-02-2006,N
CR000967,Crew_967,CPT,BOS,08-05-2017,FALSE
CR000968,Crew_968,FA1,ENG,17-09-2011,TRUE
CR000969,Crew_969,FO,FIJ,19-06-2021,Y
CR000970,Crew_970,CAPT,CLT,25-10-2003,TRUE
CR000971,Crew_971,F/A,IAD,01/30/2020,FALSE
CR000972,Crew_972,FO,ENG,03-04-2019,0
CR000973,Crew_973,firstofficer,CDZ,04-05-1999,TRUE
CR000974,Crew_974,F/O,ENG,26-03-2006,N
CR000975,Crew_975,Flight Attendant,QQA,31-03-2016,Y
CR000976,Crew_976,FO,AAZ,01-07-1998,0
CR000977,Crew_977,Flight Attendant,ULZ,17-04-2011,
CR000978,Crew_978,purser,YZE,27-05-1999,0
CR000979,Crew_979,First Officer,ATL,20-01-2016,
CR000980,Crew_980,purser,PHL,04-10-2025,
CR000981,Crew_981,Flight Attendant,CGO,04-07-1998,Y
CR000982,Crew_982,PURSER,PCF,09-08-1997,N
CR000983,Crew_983,purser,CSB,06-04-2009,
CR000984,Crew_984,F/O,YCO,10-02-2016,0
CR000985,Crew_985,FirstOfficer,VMH,13-03-2003,Y
CR000986,Crew_986,CPT,CMH,16-07-2010,N
CR000987,Crew_987,PURSER,OLJ,26-12-2001,Y
CR000988,Crew_988,firstofficer,JQH,26-05-2023,0
CR000989,Crew_989,purser,CIA,26-09-2003,
CR000990,Crew_990,FA1,YZE,08/22/2025,Y
CR000991,Crew_991,Flight Attendant,DCA,03-03-2017,TRUE
CR000992,Crew_992,PSR,XMO,12-09-2021,TRUE
CR000993,Crew_993,F/O,ENR,09-02-1998,0
CR000994,Crew_994,CPT,,19-02-1997,N
CR000995,Crew_995,Purser,KEM,19-04-1998,Y
CR000996,Crew_996,firstofficer,SFO,06-03-2007,FALSE
CR000997,Crew_997,F/A,XZH,17-10-2017,0
CR000998,Crew_998,PURSER,WJU,25-12-2005,N
CR000999,Crew_999,Flight Attendant,QLE,03-08-2017,0
CR001000,Crew_1000,FA,DMZ,12/17/2015,FALSE
CR001001,Crew_1001,Purser,YVZ,31-05-1995,0
CR001002,Crew_1002,fa,KGP,27-06-2022,TRUE
CR001003,Crew_1003,FA1,PHL,03-01-2015,Y
CR001004,Crew_1004,fa,IAD,23-04-2011,FALSE
CR001005,Crew_1005,FirstOfficer,OAK,15-02-1999,0
CR001006,Crew_1006,F/O,FLY,20-02-2008,TRUE
CR001007,Crew_1007,FirstOfficer,CIA,05-02-2013,1
CR001008,Crew_1008,F/O,IAD,01-09-2012,0
CR001009,Crew_1009,FA,ATL,22-04-2003,FALSE
CR001010,Crew_1010,captain,IAD,11/29/2013,Y
CR001011,Crew_1011,CAPT,CSB,01-07-2011,0
CR001012,Crew_1012,CAPT,YCO,31-12-2018,1
CR001013,Crew_1013,CAPT,NFY,25-04-1999,TRUE
CR001014,Crew_1014,CPT,RDU,04/25/2011,
CR001015,Crew_1015,CAPT,SUG,01-10-2022,TRUE
CR001016,Crew_1016,CPT,WFQ,12-02-1996,
CR001017,Crew_1017,captain,LAS,02-01-1997,TRUE
CR001018,Crew_1018,CPT,RNY,07/16/2019,TRUE
CR001019,Crew_1019,FA1,TDP,04/18/2008,N
CR001020,Crew_1020,captain,LAX,26-12-2013,1
CR001021,Crew_1021,FA1,MKN,04/16/2005,0
CR001022,Crew_1022,First Officer,OHX,27-08-2017,Y
CR001023,Crew_1023,FO,TZZ,29-01-1995,Y
CR001024,Crew_1024,First Officer,TZZ,03-02-2019,N
CR001025,Crew_1025,First Officer,CTH,28-09-1996,1
CR001026,Crew_1026,FA1,LTS,22-10-2013,TRUE
CR001027,Crew_1027,fa,ATL,16-04-2012,
CR001028,Crew_1028,Purser,YZE,20-10-2004,Y
CR001029,Crew_1029,captain,CLE,07-01-2021,FALSE
CR001030,Crew_1030,CPT,PDX,28-11-2007,0
CR001031,Crew_1031,firstofficer,MCO,01-01-2025,
CR001032,Crew_1032,Flight Attendant,CSB,25-09-2020,TRUE
CR001033,Crew_1033,Captain,SUG,24-09-1995,
CR001034,Crew_1034,purser,NFY,03-11-2016,TRUE
CR001035,Crew_1035,F/O,FLY,25-10-2007,0
CR001036,Crew_1036,FA1,EWR,09-12-2023,0
CR001037,Crew_1037,F/O,MCO,23-03-2019,1
CR001038,Crew_1038,F/A,SFO,06-10-2023,
CR001039,Crew_1039,FO,RNI,29-03-2011,0
CR001040,Crew_1040,FO,EXH,10/28/2019,FALSE
CR001041,Crew_1041,First Officer,MOK,04-02-1998,
CR001042,Crew_1042,CAPT,QLE,09-09-2017,TRUE
CR001043,Crew_1043,FA1,XZH,18-06-2024,TRUE
CR001044,Crew_1044,captain,NBV,02-10-2021,
CR001045,Crew_1045,purser,LTA,31-03-2019,N
CR001046,Crew_1046,Captain,CDZ,06-02-2017,Y
CR001047,Crew_1047,firstofficer,YCO,13-07-2010,Y
CR001048,Crew_1048,FO,LTA,31-08-2011,N
CR001049,Crew_1049,CAPT,CDZ,04-06-2022,0
CR001050,Crew_1050,FA,CDZ,09-05-2016,TRUE
CR001051,Crew_1051,captain,JUC,25-05-2004,Y
CR001052,Crew_1052,purser,WFQ,28-06-1997,TRUE
CR001053,Crew_1053,fa,MSP,03-08-1998,
CR001054,Crew_1054,CAPT,MIA,15-12-2013,N
CR001055,Crew_1055,captain,HBR,19-01-1998,Y
CR001056,Crew_1056,First Officer,MIA,01-03-2006,Y
CR001057,Crew_1057,FO,LGA,03-06-2006,TRUE
CR001058,Crew_1058,CPT,YZE,02-06-2025,N
CR001059,Crew_1059,CPT,MDP,05/25/2001,Y
CR001060,Crew_1060,CPT,LGA,01-06-2002,N
CR001061,Crew_1061,captain,NEB,23-08-2008,1
CR001062,Crew_1062,Flight Attendant,XMO,23-06-2008,
CR001063,Crew_1063,PURSER,CGO,07-12-2025,
CR001064,Crew_1064,FO,QTU,04/29/2008,FALSE
CR001065,Crew_1065,fa,OLJ,12-04-2002,0
CR001066,Crew_1066,Flight Attendant,EUI,26-08-2021,
CR001067,Crew_1067,PURSER,QTU,05-12-2024,TRUE
CR001068,Crew_1068,captain,LAS,22-07-2015,Y
CR001069,Crew_1069,CAPT,XMO,19-10-2011,TRUE
CR001070,Crew_1070,CPT,OLJ,07-06-2011,1
CR001071,Crew_1071,CPT,SUG,28-07-1997,FALSE
CR001072,Crew_1072,Captain,HNL,25-01-2003,TRUE
CR001073,Crew_1073,FirstOfficer,NFY,03/25/2025,Y
CR001074,Crew_1074,PURSER,EDX,23-12-2017,TRUE
CR001075,Crew_1075,FO,FEA,02-02-2001,0
CR001076,Crew_1076,PSR,LTA,28-12-1996,0
CR001077,Crew_1077,Purser,TPA,01/25/2005,N
CR001078,Crew_1078,firstofficer,DTW,08-05-1995,0
CR001079,Crew_1079,CAPT,LGA,20-03-2018,N
CR001080,Crew_1080,Purser,DPO,12/31/1996,FALSE
CR001081,Crew_1081,firstofficer,OAK,17-09-2011,FALSE
CR001082,Crew_1082,CPT,UUS,13-08-2022,Y
CR001083,Crew_1083,F/A,ULZ,12/17/2012,
CR001084,Crew_1084,F/O,NBV,06-09-2014,FALSE
CR001085,Crew_1085,FA,CSB,09-04-2010,0
CR001086,Crew_1086,captain,CLT,09-01-2007,FALSE
CR001087,Crew_1087,purser,IND,01-04-1999,
CR001088,Crew_1088,CAPT,MCO,07-04-2021,Y
CR001089,Crew_1089,Captain,QTU,04-12-2019,TRUE
CR001090,Crew_1090,CAPT,ULZ,16-11-2025,0
CR001091,Crew_1091,Flight Attendant,XMO,12-09-2016,1
CR001092,Crew_1092,purser,YVZ,14-03-2020,1
CR001093,Crew_1093,FA,LTP,14-09-1997,Y
CR001094,Crew_1094,captain,SAN,04-10-2025,TRUE
CR001095,Crew_1095,PSR,CLE,01-12-2011,Y
CR001096,Crew_1096,captain,GBC,25-10-2023,TRUE
CR001097,Crew_1097,FO,SAT,04/23/2002,TRUE
CR001098,Crew_1098,captain,SLC,09-09-2000,
CR001099,Crew_1099,PURSER,CMH,04-01-2016,FALSE
CR001100,Crew_1100,CAPT,CLT,26-10-2002,
CR001101,Crew_1101,Captain,SAN,22-02-2020,TRUE
CR001102,Crew_1102,CPT,WHD,13-03-2020,N
CR001103,Crew_1103,First Officer,BDA,12-07-2020,1
CR001104,Crew_1104,FirstOfficer,CGO,03/27/1997,FALSE
CR001105,Crew_1105,F/A,ENR,20-06-2004,0
CR001106,Crew_1106,F/O,FNZ,10-12-2003,
CR001107,Crew_1107,PSR,PIT,18-07-2008,N
CR001108,Crew_1108,firstofficer,UUS,28-03-1995,0
CR001109,Crew_1109,PURSER,RDS,02-05-2007,N
CR001110,Crew_1110,CAPT,VSQ,13-02-2019,
CR001111,Crew_1111,captain,PCF,02-09-2006,0
CR001112,Crew_1112,FO,CRN,01/21/1999,N
CR001113,Crew_1113,Flight Attendant,PHL,01-11-2020,N
CR001114,Crew_1114,captain,XZH,06-09-2012,1
CR001115,Crew_1115,CAPT,LGA,24-02-1995,TRUE
CR001116,Crew_1116,CAPT,CGO,17-11-2001,TRUE
CR001117,Crew_1117,CPT,CSB,23-10-2019,FALSE
CR001118,Crew_1118,CPT,CIP,01-05-1996,N
CR001119,Crew_1119,FA1,SAN,10-08-1998,0
CR001120,Crew_1120,PURSER,JQH,14-04-2005,0
CR001121,Crew_1121,FA1,LAS,12-10-2013,1
CR001122,Crew_1122,firstofficer,KGP,22-04-2004,
CR001123,Crew_1123,FA,KGP,24-04-2005,
CR001124,Crew_1124,F/A,RNY,29-01-2002,0
CR001125,Crew_1125,FirstOfficer,WTL,06-10-1995,0
CR001126,Crew_1126,FA1,LTS,23-06-2003,Y
CR001127,Crew_1127,FirstOfficer,FLY,12/27/2008,0
CR001128,Crew_1128,captain,ENR,13-03-2017,0
CR001129,Crew_1129,PURSER,XMO,03-06-2006,N
CR001130,Crew_1130,CPT,CGO,01-11-2000,0
CR001131,Crew_1131,Flight Attendant,GVJ,08/31/2003,0
CR001132,Crew_1132,PSR,PIT,13-10-2001,FALSE
CR001133,Crew_1133,PURSER,MDP,27-11-2011,0
CR001134,Crew_1134,PSR,BNA,01/21/2018,1
CR001135,Crew_1135,fa,HVH,19-12-1996,
CR001136,Crew_1136,CPT,IND,07/26/2024,FALSE
CR001137,Crew_1137,PSR,RNY,27-04-1998,FALSE
CR001138,Crew_1138,firstofficer,FVH,04-10-1998,0
CR001139,Crew_1139,F/A,XLA,07-07-2015,
CR001140,Crew_1140,PSR,PIT,09/20/2017,Y
CR001141,Crew_1141,CPT,JQH,14-03-2008,N
CR001142,Crew_1142,FO,EDX,03-01-1998,1
CR001143,Crew_1143,PSR,OLJ,30-08-2016,1
CR001144,Crew_1144,Flight Attendant,VIM,01-09-2024,
CR001145,Crew_1145,FA1,NFY,14-02-1995,TRUE
CR001146,Crew_1146,CPT,WHD,05-11-2025,1
CR001147,Crew_1147,fa,MCO,10/24/2021,N
CR001148,Crew_1148,captain,TPA,03-07-2002,N
CR001149,Crew_1149,FA,ORD,04-02-2013,Y
CR001150,Crew_1150,F/A,WHD,17-04-1997,Y
CR001151,Crew_1151,Purser,AAZ,17-10-2012,N
CR001152,Crew_1152,firstofficer,MOK,29-07-2013,1
CR001153,Crew_1153,CPT,ULZ,17-08-2000,N
CR001154,Crew_1154,F/O,HNL,16-07-2010,
CR001155,Crew_1155,Purser,CLT,02/20/2022,Y
CR001156,Crew_1156,F/O,ORD,18-12-2002,TRUE
CR001157,Crew_1157,purser,EWR,10-12-2000,N
CR001158,Crew_1158,fa,MVL,19-09-2019,Y
CR001159,Crew_1159,F/O,CMH,06-07-2006,FALSE
CR001160,Crew_1160,FO,CIP,04-01-2015,1
CR001161,Crew_1161,F/O,QTU,04/28/2016,TRUE
CR001162,Crew_1162,Flight Attendant,RNI,03-05-2025,1
CR001163,Crew_1163,F/O,BOS,26-02-1996,N
CR001164,Crew_1164,CAPT,OLJ,20-02-2016,FALSE
CR001165,Crew_1165,captain,OAK,29-02-1996,1
CR001166,Crew_1166,PURSER,OQR,25-02-1999,N
CR001167,Crew_1167,F/O,IBY,02-03-2010,0
CR001168,Crew_1168,Captain,ULZ,11-10-2022,TRUE
CR001169,Crew_1169,fa,RDU,10-11-2003,N
CR001170,Crew_1170,PSR,FNZ,12-01-2025,
CR001171,Crew_1171,captain,DCA,25-11-2009,TRUE
CR001172,Crew_1172,PURSER,DTW,31-03-2025,Y
CR001173,Crew_1173,Purser,MOK,26-12-1998,Y
CR001174,Crew_1174,Flight Attendant,LGA,12-12-2025,FALSE
CR001175,Crew_1175,F/A,PDX,06-09-2002,TRUE
CR001176,Crew_1176,First Officer,DCA,03-03-2024,Y
CR001177,Crew_1177,FO,LTP,02/27/2019,FALSE
CR001178,Crew_1178,CAPT,DFW,02-10-1997,TRUE
CR001179,Crew_1179,Flight Attendant,ENR,01/22/1998,Y
CR001180,Crew_1180,FO,CSB,11-09-2002,
CR001181,Crew_1181,firstofficer,HNL,05/17/1995,TRUE
CR001182,Crew_1182,Flight Attendant,YZE,19-02-2018,0
CR001183,Crew_1183,CPT,SUG,05/27/2000,1
CR001184,Crew_1184,captain,BNA,20-12-2025,TRUE
CR001185,Crew_1185,CAPT,EWR,20-03-2016,FALSE
CR001186,Crew_1186,firstofficer,WJU,17-12-2012,TRUE
CR001187,Crew_1187,fa,MDP,13-08-1995,N
CR001188,Crew_1188,Flight Attendant,ENR,05/19/2010,
CR001189,Crew_1189,First Officer,IAD,03-11-1997,TRUE
CR001190,Crew_1190,fa,TPA,01-05-2025,TRUE
CR001191,Crew_1191,firstofficer,TZZ,06/15/1997,N
CR001192,Crew_1192,F/O,RNY,03-03-2014,0
CR001193,Crew_1193,firstofficer,JQH,17-09-2017,N
CR001194,Crew_1194,CPT,SJC,26-10-2005,Y
CR001195,Crew_1195,fa,ATL,09/18/1997,FALSE
CR001196,Crew_1196,purser,CSB,11-11-2007,FALSE
CR001197,Crew_1197,Captain,OQR,14-08-2007,
CR001198,Crew_1198,purser,MKN,14-04-2006,N
CR001199,Crew_1199,FirstOfficer,OHX,19-05-1999,Y
CR001200,Crew_1200,FirstOfficer,IAD,09-03-2009,TRUE
CR001201,Crew_1201,purser,DFW,21-05-2013,0
CR001202,Crew_1202,First Officer,CGO,12-10-2013,Y
CR001203,Crew_1203,fa,CDZ,07-02-1996,1
CR001204,Crew_1204,CPT,XMO,03-08-1995,0
CR001205,Crew_1205,PURSER,CLE,01-08-1999,
CR001206,Crew_1206,Captain,EDX,19-05-2011,
CR001207,Crew_1207,Captain,ENR,03/21/2005,TRUE
CR001208,Crew_1208,F/O,CLE,25-09-2003,TRUE
CR001209,Crew_1209,captain,XOJ,23-05-2013,FALSE
CR001210,Crew_1210,purser,VIM,08-01-2018,Y
CR001211,Crew_1211,F/A,CRN,14-02-2012,
CR001212,Crew_1212,FA,IBY,23-04-1997,TRUE
CR001213,Crew_1213,captain,FIY,20-03-1996,1
CR001214,Crew_1214,CPT,NFY,01-10-1999,Y
CR001215,Crew_1215,FA1,LTP,11-07-2020,TRUE
CR001216,Crew_1216,FO,FEA,09-06-2018,
CR001217,Crew_1217,PSR,EDX,12/13/2019,0
CR001218,Crew_1218,FA1,SAN,25-08-2012,1
CR001219,Crew_1219,F/A,SFO,11-11-1998,0
CR001220,Crew_1220,CPT,XZH,08/25/2000,Y
CR001221,Crew_1221,CPT,XDR,15-02-1998,TRUE
CR001222,Crew_1222,FA,XZH,09-09-2021,FALSE
CR001223,Crew_1223,Flight Attendant,QLE,01-10-2009,FALSE
CR001224,Crew_1224,FA,YVZ,15-08-2010,N
CR001225,Crew_1225,Purser,HCS,12/31/2017,N
CR001226,Crew_1226,FA,PDX,01-03-2010,0
CR001227,Crew_1227,Purser,ENG,03-10-1996,
CR001228,Crew_1228,FO,ENR,10-01-2003,
CR001229,Crew_1229,PSR,CIA,04-02-1996,N
CR001230,Crew_1230,PSR,OAK,04-07-2016,Y
CR001231,Crew_1231,FO,FEA,19-01-1996,1
CR001232,Crew_1232,PURSER,QRP,20-12-2016,FALSE
CR001233,Crew_1233,Flight Attendant,DMZ,16-12-2010,
CR001234,Crew_1234,captain,CLT,23-12-2012,FALSE
CR001235,Crew_1235,F/O,LTS,07-05-2022,FALSE
CR001236,Crew_1236,Purser,IND,06/24/2004,1
CR001237,Crew_1237,purser,GBC,12-04-2007,TRUE
CR001238,Crew_1238,FirstOfficer,SUG,16-03-2012,Y
CR001239,Crew_1239,First Officer,CMH,01-01-2022,
CR001240,Crew_1240,FO,ENG,15-03-2001,N
CR001241,Crew_1241,FA1,PHL,01-10-2008,N
CR001242,Crew_1242,FirstOfficer,QRP,09-10-2023,Y
CR001243,Crew_1243,FirstOfficer,WJU,05-08-1997,Y
CR001244,Crew_1244,F/A,RNY,29-04-2009,FALSE
CR001245,Crew_1245,firstofficer,REA,13-10-2023,
CR001246,Crew_1246,CAPT,IBY,03/19/2007,Y
CR001247,Crew_1247,F/A,MVL,07-05-2010,N
CR001248,Crew_1248,FA,OLJ,03-02-2012,N
CR001249,Crew_1249,firstofficer,IRG,31-07-2009,
CR001250,Crew_1250,FA1,ETT,30-01-2019,1
CR001251,Crew_1251,F/O,MIA,09-10-2000,Y
CR001252,Crew_1252,purser,PDX,08/22/2001,FALSE
CR001253,Crew_1253,First Officer,CLE,01-03-2008,Y
CR001254,Crew_1254,Captain,VIM,05-04-2023,N
CR001255,Crew_1255,CAPT,UVL,24-11-2024,1
CR001256,Crew_1256,Flight Attendant,NFY,02-05-2016,1
CR001257,Crew_1257,FirstOfficer,DTW,08-12-2006,Y
CR001258,Crew_1258,Captain,MDP,28-02-2021,TRUE
CR001259,Crew_1259,firstofficer,YCO,13-05-2021,0
CR001260,Crew_1260,captain,ENG,01/24/1995,N
CR001261,Crew_1261,FO,GBC,13-09-2018,1
CR001262,Crew_1262,F/O,TZZ,08-03-1999,0
CR001263,Crew_1263,FA1,ENG,27-12-2002,FALSE
CR001264,Crew_1264,CAPT,LAX,25-02-1998,Y
CR001265,Crew_1265,F/A,XLA,20-10-2014,0
CR001266,Crew_1266,Captain,LAS,05-12-1995,
CR001267,Crew_1267,Captain,CLE,08-02-2005,TRUE
CR001268,Crew_1268,CAPT,,19-06-1999,
CR001269,Crew_1269,F/A,TDP,03-05-2002,Y
CR001270,Crew_1270,Flight Attendant,DTW,22-07-1996,N
CR001271,Crew_1271,firstofficer,GVJ,22-10-2008,0
CR001272,Crew_1272,FA1,SUG,01-04-2020,Y
CR001273,Crew_1273,Captain,QQA,09-01-2007,N
CR001274,Crew_1274,FA,FIY,11-04-2011,TRUE
CR001275,Crew_1275,Flight Attendant,WTL,04-12-2000,FALSE
CR001276,Crew_1276,PURSER,YVZ,19-11-2018,TRUE
CR001277,Crew_1277,purser,PIT,31-12-1995,N
CR001278,Crew_1278,purser,XMO,12/13/1996,N
CR001279,Crew_1279,FO,CTH,07-07-2003,N
CR001280,Crew_1280,F/A,QRP,23-03-2006,1
CR001281,Crew_1281,FO,FIY,08-01-2001,Y
CR001282,Crew_1282,fa,BOS,11-12-2003,N
CR001283,Crew_1283,CAPT,WJU,04-04-2008,FALSE
CR001284,Crew_1284,CAPT,TZZ,27-07-2002,N
CR001285,Crew_1285,PSR,LAS,05-02-2020,1
CR001286,Crew_1286,PSR,XDR,03-04-2001,TRUE
CR001287,Crew_1287,Purser,EDX,12/31/2021,Y
CR001288,Crew_1288,fa,FNZ,14-11-2003,1
CR001289,Crew_1289,FO,MSY,10/22/2001,Y
CR001290,Crew_1290,fa,BNA,04-12-1995,
CR001291,Crew_1291,PURSER,CIP,07/13/2016,1
CR001292,Crew_1292,firstofficer,NFY,12-09-2021,TRUE
CR001293,Crew_1293,firstofficer,YVZ,03-03-2016,
CR001294,Crew_1294,FO,FVH,11-03-2013,1
CR001295,Crew_1295,F/O,DEN,07-10-2016,Y
CR001296,Crew_1296,CPT,ETT,17-11-1998,1
CR001297,Crew_1297,F/A,PIT,28-01-2010,
CR001298,Crew_1298,captain,LAX,19-08-2001,1
CR001299,Crew_1299,fa,OHX,21-09-2023,TRUE
CR001300,Crew_1300,F/O,,03-11-2022,1
CR001301,Crew_1301,Purser,PIT,27-02-2002,FALSE
CR001302,Crew_1302,F/A,JFK,17-10-2012,N
CR001303,Crew_1303,FirstOfficer,DMZ,04-07-2009,FALSE
CR001304,Crew_1304,FO,ENR,25-01-2004,0
CR001305,Crew_1305,Flight Attendant,JFK,02/17/2019,TRUE
CR001306,Crew_1306,purser,ULZ,23-02-2009,FALSE
CR001307,Crew_1307,purser,GVJ,04-03-2000,TRUE
CR001308,Crew_1308,First Officer,IBY,07/26/2025,1
CR001309,Crew_1309,firstofficer,PHX,17-03-2017,N
CR001310,Crew_1310,FirstOfficer,CLT,25-11-2001,N
CR001311,Crew_1311,F/O,ENG,15-04-2001,1
CR001312,Crew_1312,firstofficer,DTW,24-09-2023,
CR001313,Crew_1313,PSR,EWR,06-12-2009,
CR001314,Crew_1314,First Officer,DPO,01-09-2018,
CR001315,Crew_1315,FirstOfficer,ETT,02-02-2006,Y
CR001316,Crew_1316,FO,WHD,14-10-2021,N
CR001317,Crew_1317,PURSER,TPA,03-05-2014,FALSE
CR001318,Crew_1318,purser,UUS,24-11-2020,
CR001319,Crew_1319,Captain,LTS,30-10-2023,TRUE
CR001320,Crew_1320,firstofficer,CSB,18-08-2018,1
CR001321,Crew_1321,Captain,TPA,17-10-2012,FALSE
CR001322,Crew_1322,PURSER,CIP,14-10-2023,Y
CR001323,Crew_1323,FA1,REA,02-03-2014,1
CR001324,Crew_1324,FirstOfficer,XLA,02-08-2019,Y
CR001325,Crew_1325,F/O,MKN,13-07-2008,0
CR001326,Crew_1326,Flight Attendant,UVL,10-09-2021,TRUE
CR001327,Crew_1327,Purser,EXH,28-11-2018,0
CR001328,Crew_1328,F/O,WTL,25-08-2003,TRUE
CR001329,Crew_1329,F/O,MCO,21-01-2000,FALSE
CR001330,Crew_1330,Captain,ORD,06-08-2010,
CR001331,Crew_1331,CAPT,IND,29-11-2015,Y
CR001332,Crew_1332,FO,WJU,08-07-2005,TRUE
CR001333,Crew_1333,CPT,KGP,09/14/2000,N
CR001334,Crew_1334,Flight Attendant,EWR,08-05-2015,1
CR001335,Crew_1335,fa,NFY,06-04-1996,TRUE
CR001336,Crew_1336,F/O,MOK,08-07-2006,FALSE
CR001337,Crew_1337,CPT,KEM,02-07-1998,1
CR001338,Crew_1338,PURSER,ETT,30-12-2014,0
CR001339,Crew_1339,FA,LTP,18-10-2019,N
CR001340,Crew_1340,Purser,QQA,25-09-1997,N
CR001341,Crew_1341,First Officer,NBV,09/30/2000,N
CR001342,Crew_1342,CPT,IRG,27-04-2016,0
CR001343,Crew_1343,captain,RNI,04-12-2011,TRUE
CR001344,Crew_1344,Purser,JUC,25-02-2012,1
CR001345,Crew_1345,FO,ATL,21-02-2017,FALSE
CR001346,Crew_1346,Flight Attendant,PDX,07-02-2000,Y
CR001347,Crew_1347,fa,EXH,14-07-2006,FALSE
CR001348,Crew_1348,purser,SUG,04/30/2007,1
CR001349,Crew_1349,F/O,ENR,08-12-2005,1
CR001350,Crew_1350,Purser,XMO,16-10-2007,TRUE
CR001351,Crew_1351,purser,REA,14-08-2006,
CR001352,Crew_1352,PSR,RNY,19-07-1999,Y
CR001353,Crew_1353,firstofficer,SEA,06/23/2020,FALSE
CR001354,Crew_1354,PURSER,CLE,10/19/2020,FALSE
CR001355,Crew_1355,CAPT,CLE,02/15/2010,
CR001356,Crew_1356,PURSER,AUS,30-10-2001,Y
CR001357,Crew_1357,Captain,WFQ,31-05-2000,FALSE
CR001358,Crew_1358,fa,XDR,19-04-2016,TRUE
CR001359,Crew_1359,Captain,CIP,24-11-2005,0
CR001360,Crew_1360,fa,CSB,13-07-2020,0
CR001361,Crew_1361,FO,BDA,24-07-1996,FALSE
CR001362,Crew_1362,PURSER,CGO,19-03-2011,
CR001363,Crew_1363,fa,DPO,25-09-2018,1
CR001364,Crew_1364,FO,ORD,17-11-2011,TRUE
CR001365,Crew_1365,Purser,JUC,12-08-2019,TRUE
CR001366,Crew_1366,Flight Attendant,LTP,07/21/2012,TRUE
CR001367,Crew_1367,purser,LTS,07-01-2021,0
CR001368,Crew_1368,FA1,SAT,24-01-2010,Y
CR001369,Crew_1369,F/O,DCA,17-12-2017,N
CR001370,Crew_1370,CAPT,PHL,13-06-2020,
CR001371,Crew_1371,Captain,DFW,19-07-1999,0
CR001372,Crew_1372,Flight Attendant,VMH,08-08-2002,N
CR001373,Crew_1373,F/A,HCS,28-08-2012,1
CR001374,Crew_1374,First Officer,RNY,04/20/2014,1
CR001375,Crew_1375,Captain,MSP,26-04-2003,FALSE
CR001376,Crew_1376,Flight Attendant,MIA,17-12-2016,Y
CR001377,Crew_1377,FA,PHL,20-10-2005,
CR001378,Crew_1378,purser,MCO,17-09-2007,0
CR001379,Crew_1379,Captain,ENR,23-05-2016,Y
CR001380,Crew_1380,PSR,RNY,21-01-1999,Y
CR001381,Crew_1381,purser,SLC,16-10-2013,
CR001382,Crew_1382,Purser,LGA,01/30/2006,
CR001383,Crew_1383,PURSER,IRG,31-07-2005,1
CR001384,Crew_1384,PURSER,GBC,02-12-2010,N
CR001385,Crew_1385,fa,SFO,11-07-1995,Y
CR001386,Crew_1386,purser,EXH,28-06-2019,
CR001387,Crew_1387,Flight Attendant,LTS,13-02-1996,TRUE
CR001388,Crew_1388,captain,HBR,07/20/2021,FALSE
CR001389,Crew_1389,FA,XDR,27-01-2007,N
CR001390,Crew_1390,firstofficer,CTH,17-02-2019,0
CR001391,Crew_1391,PSR,CMH,24-05-2001,0
CR001392,Crew_1392,FA,CGO,12-04-2017,
CR001393,Crew_1393,firstofficer,SUG,21-01-1996,1
CR001394,Crew_1394,F/O,HNL,02/22/1998,TRUE
CR001395,Crew_1395,First Officer,ETT,24-10-2009,N
CR001396,Crew_1396,captain,WFQ,31-07-2000,FALSE
CR001397,Crew_1397,Captain,YVZ,18-11-2023,TRUE
CR001398,Crew_1398,PSR,TDP,15-10-2014,FALSE
CR001399,Crew_1399,Purser,RDU,12/27/2019,0
CR001400,Crew_1400,Captain,TDP,29-06-2017,TRUE
CR001401,Crew_1401,PSR,HVH,15-05-2024,0
CR001402,Crew_1402,captain,XMO,23-04-2001,TRUE
CR001403,Crew_1403,FA,NFY,03-04-2013,TRUE
CR001404,Crew_1404,Purser,FIY,10/15/2018,TRUE
CR001405,Crew_1405,Captain,VIM,05/17/2023,N
CR001406,Crew_1406,FirstOfficer,PHX,31-01-2012,1
CR001407,Crew_1407,First Officer,NFY,25-03-2006,0
CR001408,Crew_1408,CAPT,OLJ,19-02-2003,
CR001409,Crew_1409,CAPT,RNI,21-07-2002,N
CR001410,Crew_1410,fa,AAZ,01-07-2004,
CR001411,Crew_1411,PSR,PIT,07-11-2012,1
CR001412,Crew_1412,F/O,CIB,25-03-2023,FALSE
CR001413,Crew_1413,Captain,LTS,20-03-2021,1
CR001414,Crew_1414,PSR,SJC,02-01-1998,FALSE
CR001415,Crew_1415,Captain,HVH,28-04-2017,Y
CR001416,Crew_1416,captain,RNY,08-11-1997,TRUE
CR001417,Crew_1417,CAPT,LAS,06-11-1999,FALSE
CR001418,Crew_1418,fa,SLC,24-06-2024,TRUE
CR001419,Crew_1419,FA,BNA,17-12-2010,N
CR001420,Crew_1420,Purser,CIA,03/17/2022,FALSE
CR001421,Crew_1421,fa,AUS,10-03-2018,TRUE
CR001422,Crew_1422,F/A,ULZ,06-05-2015,Y
CR001423,Crew_1423,FA1,CTH,17-08-2009,0
CR001424,Crew_1424,Captain,RNI,01/23/2018,1
CR001425,Crew_1425,PSR,PHX,29-12-2000,0
CR001426,Crew_1426,F/O,PDX,13-06-2006,N
CR001427,Crew_1427,CPT,JUC,06-06-2001,1
CR001428,Crew_1428,F/A,CTH,28-11-2015,0
CR001429,Crew_1429,FA,ENG,15-08-2008,Y
CR001430,Crew_1430,PSR,NBV,13-03-2017,Y
CR001431,Crew_1431,firstofficer,BOS,11-10-1995,1
CR001432,Crew_1432,PSR,DFW,15-08-1995,1
CR001433,Crew_1433,FO,OLJ,12-07-1997,0
CR001434,Crew_1434,FirstOfficer,LTS,13-04-1997,
CR001435,Crew_1435,Captain,YCO,03-11-2007,N
CR001436,Crew_1436,FA,CLT,04-04-1996,Y
CR001437,Crew_1437,F/A,GBC,02/21/2001,1
CR001438,Crew_1438,firstofficer,VIM,22-01-2024,
CR001439,Crew_1439,PURSER,QRP,11-05-2010,TRUE
CR001440,Crew_1440,CPT,FEA,31-07-2001,
CR001441,Crew_1441,CAPT,EDX,27-05-1999,0
CR001442,Crew_1442,purser,XMO,13-09-2024,
CR001443,Crew_1443,CAPT,QQA,07-10-2005,N
CR001444,Crew_1444,purser,CGO,10-10-2014,1
CR001445,Crew_1445,PURSER,EDX,28-01-2019,TRUE
CR001446,Crew_1446,FA1,PHL,28-08-2006,0
CR001447,Crew_1447,fa,FIJ,03-08-2004,1
CR001448,Crew_1448,purser,WTL,01-12-2011,TRUE
CR001449,Crew_1449,firstofficer,VIM,24-02-2017,0
CR001450,Crew_1450,FirstOfficer,LAS,16-05-2009,FALSE
CR001451,Crew_1451,FA1,CIB,02/13/1996,TRUE
CR001452,Crew_1452,Purser,OQR,06-12-2000,1
CR001453,Crew_1453,CAPT,BOS,03-05-2018,FALSE
CR001454,Crew_1454,CAPT,FIJ,10-08-2012,Y
CR001455,Crew_1455,F/A,ENR,22-06-2008,Y
CR001456,Crew_1456,purser,SLC,22-05-1998,Y
CR001457,Crew_1457,F/A,DPO,03-08-1995,Y
CR001458,Crew_1458,FA,CDZ,01-04-2025,FALSE
CR001459,Crew_1459,FO,OAK,01-04-2008,1
CR001460,Crew_1460,CAPT,PDX,22-01-2013,0
CR001461,Crew_1461,firstofficer,HBR,12-06-2009,Y
CR001462,Crew_1462,Flight Attendant,HVH,03-07-2015,Y
CR001463,Crew_1463,FO,RNI,11/26/2019,
CR001464,Crew_1464,F/O,XOJ,05-02-2018,
CR001465,Crew_1465,F/A,HVH,06-10-2008,N
CR001466,Crew_1466,CPT,CTH,03-03-2008,TRUE
CR001467,Crew_1467,firstofficer,XDR,26-06-2021,FALSE
CR001468,Crew_1468,captain,MIA,10/18/2004,FALSE
CR001469,Crew_1469,firstofficer,DTW,20-05-2006,
CR001470,Crew_1470,Purser,CIA,09/19/1995,N
CR001471,Crew_1471,purser,OAK,23-02-2016,
CR001472,Crew_1472,Captain,SFO,25-05-2015,FALSE
CR001473,Crew_1473,firstofficer,EXH,17-03-2015,FALSE
CR001474,Crew_1474,FA,AUS,05-04-2013,1
CR001475,Crew_1475,Captain,NEB,31-08-2009,
CR001476,Crew_1476,purser,OHX,30-04-2013,TRUE
CR001477,Crew_1477,CAPT,CIP,26-06-2025,Y
CR001478,Crew_1478,PSR,CGO,11-06-1996,FALSE
CR001479,Crew_1479,First Officer,MCO,03-12-1998,
CR001480,Crew_1480,FA1,OQR,10-03-2024,Y
CR001481,Crew_1481,Captain,CIP,15-11-1997,
CR001482,Crew_1482,captain,DCA,15-12-2019,Y
CR001483,Crew_1483,firstofficer,DEN,01/24/2022,TRUE
CR001484,Crew_1484,FirstOfficer,EWR,06-01-1996,N
CR001485,Crew_1485,PSR,DTW,10/13/1999,FALSE
CR001486,Crew_1486,fa,FVH,12-07-2022,
CR001487,Crew_1487,FO,MIA,10-02-2021,1
CR001488,Crew_1488,CPT,ORD,23-11-2014,N
CR001489,Crew_1489,PURSER,UUS,18-09-2015,N
CR001490,Crew_1490,FA1,OQR,06-09-2008,
CR001491,Crew_1491,Flight Attendant,SLC,14-12-1997,1
CR001492,Crew_1492,FA1,IBY,06-02-2008,
CR001493,Crew_1493,Captain,LTA,29-07-2013,FALSE
CR001494,Crew_1494,F/A,PCF,23-11-2025,0
CR001495,Crew_1495,F/A,FVH,16-05-1996,TRUE
CR001496,Crew_1496,purser,LGA,12/22/2021,N
CR001497,Crew_1497,purser,ENG,27-05-1995,N
CR001498,Crew_1498,PSR,KEM,02/15/1997,Y
CR001499,Crew_1499,CAPT,EXH,12/18/1997,N
CR001500,Crew_1500,CAPT,IAH,01-03-2005,0
